Area,Year,Item,Measurement,Unit,Value
Canada,1921,Total area of farms,Number of farms reporting,Number,711090
Canada,1921,Total area of farms,Hectares,Hectares,57015306
Canada,1921,Land in crops,Hectares,Hectares,20247882
Prince Edward Island,1921,Total area of farms,Number of farms reporting,Number,13701
Prince Edward Island,1921,Total area of farms,Hectares,Hectares,492293
Prince Edward Island,1921,Land in crops,Hectares,Hectares,186690
Nova Scotia,1921,Total area of farms,Number of farms reporting,Number,47432
Nova Scotia,1921,Total area of farms,Hectares,Hectares,1911553
Nova Scotia,1921,Land in crops,Hectares,Hectares,278448
New Brunswick,1921,Total area of farms,Number of farms reporting,Number,36655
New Brunswick,1921,Total area of farms,Hectares,Hectares,1727829
New Brunswick,1921,Land in crops,Hectares,Hectares,366518
Quebec,1921,Total area of farms,Number of farms reporting,Number,137619
Quebec,1921,Total area of farms,Hectares,Hectares,6983664
Quebec,1921,Land in crops,Hectares,Hectares,2428500
Ontario,1921,Total area of farms,Number of farms reporting,Number,198053
Ontario,1921,Total area of farms,Hectares,Hectares,9157590
Ontario,1921,Land in crops,Hectares,Hectares,3796362
Manitoba,1921,Total area of farms,Number of farms reporting,Number,53252
Manitoba,1921,Total area of farms,Hectares,Hectares,5914822
Manitoba,1921,Land in crops,Hectares,Hectares,2370925
Saskatchewan,1921,Total area of farms,Number of farms reporting,Number,119451
Saskatchewan,1921,Total area of farms,Hectares,Hectares,17815437
Saskatchewan,1921,Land in crops,Hectares,Hectares,7212558
Alberta,1921,Total area of farms,Number of farms reporting,Number,82954
Alberta,1921,Total area of farms,Hectares,Hectares,11854477
Alberta,1921,Land in crops,Hectares,Hectares,3449374
British Columbia,1921,Total area of farms,Number of farms reporting,Number,21973
British Columbia,1921,Total area of farms,Hectares,Hectares,1157641
British Columbia,1921,Land in crops,Hectares,Hectares,158507
Canada,1931,Total area of farms,Number of farms reporting,Number,728623
Canada,1931,Total area of farms,Hectares,Hectares,66009901
Canada,1931,Land in crops,Hectares,Hectares,23609337
Prince Edward Island,1931,Total area of farms,Number of farms reporting,Number,12865
Prince Edward Island,1931,Total area of farms,Hectares,Hectares,482062
Prince Edward Island,1931,Land in crops,Hectares,Hectares,201175
Nova Scotia,1931,Total area of farms,Number of farms reporting,Number,39444
Nova Scotia,1931,Total area of farms,Hectares,Hectares,1740970
Nova Scotia,1931,Land in crops,Hectares,Hectares,252408
New Brunswick,1931,Total area of farms,Number of farms reporting,Number,34025
New Brunswick,1931,Total area of farms,Hectares,Hectares,1680091
New Brunswick,1931,Land in crops,Hectares,Hectares,391873
Quebec,1931,Total area of farms,Number of farms reporting,Number,135957
Quebec,1931,Total area of farms,Hectares,Hectares,7002746
Quebec,1931,Land in crops,Hectares,Hectares,2484891
Ontario,1931,Total area of farms,Number of farms reporting,Number,192174
Ontario,1931,Total area of farms,Hectares,Hectares,9243383
Ontario,1931,Land in crops,Hectares,Hectares,3881232
Manitoba,1931,Total area of farms,Number of farms reporting,Number,54199
Manitoba,1931,Total area of farms,Hectares,Hectares,6123575
Manitoba,1931,Land in crops,Hectares,Hectares,2365804
Saskatchewan,1931,Total area of farms,Number of farms reporting,Number,136472
Saskatchewan,1931,Total area of farms,Hectares,Hectares,22530248
Saskatchewan,1931,Land in crops,Hectares,Hectares,8955268
Alberta,1931,Total area of farms,Number of farms reporting,Number,97408
Alberta,1931,Total area of farms,Hectares,Hectares,15773616
Alberta,1931,Land in crops,Hectares,Hectares,4872135
British Columbia,1931,Total area of farms,Number of farms reporting,Number,26079
British Columbia,1931,Total area of farms,Hectares,Hectares,1433211
British Columbia,1931,Land in crops,Hectares,Hectares,204550
Canada,1941,Total area of farms,Number of farms reporting,Number,732832
Canada,1941,Total area of farms,Hectares,Hectares,70238561
Canada,1941,Land in crops,Hectares,Hectares,22775669
Prince Edward Island,1941,Total area of farms,Number of farms reporting,Number,12230
Prince Edward Island,1941,Total area of farms,Hectares,Hectares,473024
Prince Edward Island,1941,Land in crops,Hectares,Hectares,190344
Nova Scotia,1941,Total area of farms,Number of farms reporting,Number,32977
Nova Scotia,1941,Total area of farms,Hectares,Hectares,1544542
Nova Scotia,1941,Land in crops,Hectares,Hectares,233072
New Brunswick,1941,Total area of farms,Number of farms reporting,Number,31889
New Brunswick,1941,Total area of farms,Hectares,Hectares,1604218
New Brunswick,1941,Land in crops,Hectares,Hectares,350423
Quebec,1941,Total area of farms,Number of farms reporting,Number,154669
Quebec,1941,Total area of farms,Hectares,Hectares,7309660
Quebec,1941,Land in crops,Hectares,Hectares,2483766
Ontario,1941,Total area of farms,Number of farms reporting,Number,178204
Ontario,1941,Total area of farms,Hectares,Hectares,9060094
Ontario,1941,Land in crops,Hectares,Hectares,3748047
Manitoba,1941,Total area of farms,Number of farms reporting,Number,58024
Manitoba,1941,Total area of farms,Hectares,Hectares,6835675
Manitoba,1941,Land in crops,Hectares,Hectares,2560837
Saskatchewan,1941,Total area of farms,Number of farms reporting,Number,138713
Saskatchewan,1941,Total area of farms,Hectares,Hectares,24265324
Saskatchewan,1941,Land in crops,Hectares,Hectares,7999558
Alberta,1941,Total area of farms,Number of farms reporting,Number,99732
Alberta,1941,Total area of farms,Hectares,Hectares,17513698
Alberta,1941,Land in crops,Hectares,Hectares,4971208
British Columbia,1941,Total area of farms,Number of farms reporting,Number,26394
British Columbia,1941,Total area of farms,Hectares,Hectares,1632328
British Columbia,1941,Land in crops,Hectares,Hectares,238414
Canada,1951,Total area of farms,Number of farms reporting,Number,623087
Canada,1951,Total area of farms,Hectares,Hectares,70434000
Canada,1951,Land in crops,Hectares,Hectares,25176335
Newfoundland and Labrador,1951,Total area of farms,Number of farms reporting,Number,3626
Newfoundland and Labrador,1951,Total area of farms,Hectares,Hectares,34414
Newfoundland and Labrador,1951,Land in crops,Hectares,Hectares,8203
Prince Edward Island,1951,Total area of farms,Number of farms reporting,Number,10137
Prince Edward Island,1951,Total area of farms,Hectares,Hectares,443254
Prince Edward Island,1951,Land in crops,Hectares,Hectares,172481
Nova Scotia,1951,Total area of farms,Number of farms reporting,Number,23515
Nova Scotia,1951,Total area of farms,Hectares,Hectares,1284347
Nova Scotia,1951,Land in crops,Hectares,Hectares,193221
New Brunswick,1951,Total area of farms,Number of farms reporting,Number,26431
New Brunswick,1951,Total area of farms,Hectares,Hectares,1404354
New Brunswick,1951,Land in crops,Hectares,Hectares,287993
Quebec,1951,Total area of farms,Number of farms reporting,Number,134336
Quebec,1951,Total area of farms,Hectares,Hectares,6793216
Quebec,1951,Land in crops,Hectares,Hectares,2343275
Ontario,1951,Total area of farms,Number of farms reporting,Number,149920
Ontario,1951,Total area of farms,Hectares,Hectares,8449857
Ontario,1951,Land in crops,Hectares,Hectares,3498629
Manitoba,1951,Total area of farms,Number of farms reporting,Number,52383
Manitoba,1951,Total area of farms,Hectares,Hectares,7175235
Manitoba,1951,Land in crops,Hectares,Hectares,2968443
Saskatchewan,1951,Total area of farms,Number of farms reporting,Number,112018
Saskatchewan,1951,Total area of farms,Hectares,Hectares,24954207
Saskatchewan,1951,Land in crops,Hectares,Hectares,9593305
Alberta,1951,Total area of farms,Number of farms reporting,Number,84315
Alberta,1951,Total area of farms,Hectares,Hectares,17992173
Alberta,1951,Land in crops,Hectares,Hectares,5838655
British Columbia,1951,Total area of farms,Number of farms reporting,Number,26406
British Columbia,1951,Total area of farms,Hectares,Hectares,1902943
British Columbia,1951,Land in crops,Hectares,Hectares,272130
Canada,1956,Total area of farms,Number of farms reporting,Number,574993
Canada,1956,Total area of farms,Hectares,Hectares,70382601
Canada,1956,Land in crops,Number of farms reporting,Number,544125
Canada,1956,Land in crops,Hectares,Hectares,25472509
Newfoundland and Labrador,1956,Total area of farms,Number of farms reporting,Number,2387
Newfoundland and Labrador,1956,Total area of farms,Hectares,Hectares,29062
Newfoundland and Labrador,1956,Land in crops,Number of farms reporting,Number,2186
Newfoundland and Labrador,1956,Land in crops,Hectares,Hectares,6462
Prince Edward Island,1956,Total area of farms,Number of farms reporting,Number,9432
Prince Edward Island,1956,Total area of farms,Hectares,Hectares,431178
Prince Edward Island,1956,Land in crops,Number of farms reporting,Number,9169
Prince Edward Island,1956,Land in crops,Hectares,Hectares,169603
Nova Scotia,1956,Total area of farms,Number of farms reporting,Number,21075
Nova Scotia,1956,Total area of farms,Hectares,Hectares,1123262
Nova Scotia,1956,Land in crops,Number of farms reporting,Number,19499
Nova Scotia,1956,Land in crops,Hectares,Hectares,168444
New Brunswick,1956,Total area of farms,Number of farms reporting,Number,22116
New Brunswick,1956,Total area of farms,Hectares,Hectares,1206549
New Brunswick,1956,Land in crops,Number of farms reporting,Number,20606
New Brunswick,1956,Land in crops,Hectares,Hectares,249804
Quebec,1956,Total area of farms,Number of farms reporting,Number,122617
Quebec,1956,Total area of farms,Hectares,Hectares,6438600
Quebec,1956,Land in crops,Number of farms reporting,Number,118841
Quebec,1956,Land in crops,Hectares,Hectares,2245812
Ontario,1956,Total area of farms,Number of farms reporting,Number,140602
Ontario,1956,Total area of farms,Hectares,Hectares,8045006
Ontario,1956,Land in crops,Number of farms reporting,Number,132159
Ontario,1956,Land in crops,Hectares,Hectares,3326276
Manitoba,1956,Total area of farms,Number of farms reporting,Number,49201
Manitoba,1956,Total area of farms,Hectares,Hectares,7256748
Manitoba,1956,Land in crops,Number of farms reporting,Number,45899
Manitoba,1956,Land in crops,Hectares,Hectares,3110419
Saskatchewan,1956,Total area of farms,Number of farms reporting,Number,103391
Saskatchewan,1956,Total area of farms,Hectares,Hectares,25411819
Saskatchewan,1956,Land in crops,Number of farms reporting,Number,100686
Saskatchewan,1956,Land in crops,Hectares,Hectares,9906906
Alberta,1956,Total area of farms,Number of farms reporting,Number,79424
Alberta,1956,Total area of farms,Hectares,Hectares,18603557
Alberta,1956,Land in crops,Number of farms reporting,Number,75873
Alberta,1956,Land in crops,Hectares,Hectares,6009650
British Columbia,1956,Total area of farms,Number of farms reporting,Number,24748
British Columbia,1956,Total area of farms,Hectares,Hectares,1836820
British Columbia,1956,Land in crops,Number of farms reporting,Number,19207
British Columbia,1956,Land in crops,Hectares,Hectares,279131
Canada,1961,Total area of farms,Number of farms reporting,Number,480877
Canada,1961,Total area of farms,Hectares,Hectares,69825449
Canada,1961,Land in crops,Number of farms reporting,Number,459550
Canada,1961,Land in crops,Hectares,Hectares,25266549
Newfoundland and Labrador,1961,Total area of farms,Number of farms reporting,Number,1752
Newfoundland and Labrador,1961,Total area of farms,Hectares,Hectares,22080
Newfoundland and Labrador,1961,Land in crops,Number of farms reporting,Number,1648
Newfoundland and Labrador,1961,Land in crops,Hectares,Hectares,5228
Prince Edward Island,1961,Total area of farms,Number of farms reporting,Number,7335
Prince Edward Island,1961,Total area of farms,Hectares,Hectares,388562
Prince Edward Island,1961,Land in crops,Number of farms reporting,Number,7161
Prince Edward Island,1961,Land in crops,Hectares,Hectares,158277
Nova Scotia,1961,Total area of farms,Number of farms reporting,Number,12518
Nova Scotia,1961,Total area of farms,Hectares,Hectares,902609
Nova Scotia,1961,Land in crops,Number of farms reporting,Number,11655
Nova Scotia,1961,Land in crops,Hectares,Hectares,133188
New Brunswick,1961,Total area of farms,Number of farms reporting,Number,11786
New Brunswick,1961,Total area of farms,Hectares,Hectares,890177
New Brunswick,1961,Land in crops,Number of farms reporting,Number,11255
New Brunswick,1961,Land in crops,Hectares,Hectares,195280
Quebec,1961,Total area of farms,Number of farms reporting,Number,95777
Quebec,1961,Total area of farms,Hectares,Hectares,5745925
Quebec,1961,Land in crops,Number of farms reporting,Number,93586
Quebec,1961,Land in crops,Hectares,Hectares,2109748
Ontario,1961,Total area of farms,Number of farms reporting,Number,121333
Ontario,1961,Total area of farms,Hectares,Hectares,7518454
Ontario,1961,Land in crops,Number of farms reporting,Number,114950
Ontario,1961,Land in crops,Hectares,Hectares,3233583
Manitoba,1961,Total area of farms,Number of farms reporting,Number,43306
Manitoba,1961,Total area of farms,Hectares,Hectares,7353118
Manitoba,1961,Land in crops,Number of farms reporting,Number,40338
Manitoba,1961,Land in crops,Hectares,Hectares,3111518
Saskatchewan,1961,Total area of farms,Number of farms reporting,Number,93924
Saskatchewan,1961,Total area of farms,Hectares,Hectares,26068033
Saskatchewan,1961,Land in crops,Number of farms reporting,Number,91773
Saskatchewan,1961,Land in crops,Hectares,Hectares,9681371
Alberta,1961,Total area of farms,Number of farms reporting,Number,73212
Alberta,1961,Total area of farms,Hectares,Hectares,19112756
Alberta,1961,Land in crops,Number of farms reporting,Number,70067
Alberta,1961,Land in crops,Hectares,Hectares,6319100
British Columbia,1961,Total area of farms,Number of farms reporting,Number,19934
British Columbia,1961,Total area of farms,Hectares,Hectares,1823737
British Columbia,1961,Land in crops,Number of farms reporting,Number,17117
British Columbia,1961,Land in crops,Hectares,Hectares,319255
Canada,1966,Total area of farms,Number of farms reporting,Number,430503
Canada,1966,Total area of farms,Hectares,Hectares,70464083
Canada,1966,Land in crops,Number of farms reporting,Number,407721
Canada,1966,Land in crops,Hectares,Hectares,27944668
Newfoundland and Labrador,1966,Total area of farms,Number of farms reporting,Number,1709
Newfoundland and Labrador,1966,Total area of farms,Hectares,Hectares,20037
Newfoundland and Labrador,1966,Land in crops,Number of farms reporting,Number,1369
Newfoundland and Labrador,1966,Land in crops,Hectares,Hectares,5022
Prince Edward Island,1966,Total area of farms,Number of farms reporting,Number,6357
Prince Edward Island,1966,Total area of farms,Hectares,Hectares,375135
Prince Edward Island,1966,Land in crops,Number of farms reporting,Number,6184
Prince Edward Island,1966,Land in crops,Hectares,Hectares,161216
Nova Scotia,1966,Total area of farms,Number of farms reporting,Number,9621
Nova Scotia,1966,Total area of farms,Hectares,Hectares,749435
Nova Scotia,1966,Land in crops,Number of farms reporting,Number,8684
Nova Scotia,1966,Land in crops,Hectares,Hectares,127129
New Brunswick,1966,Total area of farms,Number of farms reporting,Number,8706
New Brunswick,1966,Total area of farms,Hectares,Hectares,733167
New Brunswick,1966,Land in crops,Number of farms reporting,Number,8125
New Brunswick,1966,Land in crops,Hectares,Hectares,173137
Quebec,1966,Total area of farms,Number of farms reporting,Number,80294
Quebec,1966,Total area of farms,Hectares,Hectares,5214807
Quebec,1966,Land in crops,Number of farms reporting,Number,78133
Quebec,1966,Land in crops,Hectares,Hectares,2090776
Ontario,1966,Total area of farms,Number of farms reporting,Number,109887
Ontario,1966,Total area of farms,Hectares,Hectares,7213944
Ontario,1966,Land in crops,Number of farms reporting,Number,103445
Ontario,1966,Land in crops,Hectares,Hectares,3382662
Manitoba,1966,Total area of farms,Number of farms reporting,Number,39747
Manitoba,1966,Total area of farms,Hectares,Hectares,7722946
Manitoba,1966,Land in crops,Number of farms reporting,Number,36747
Manitoba,1966,Land in crops,Hectares,Hectares,3518208
Saskatchewan,1966,Total area of farms,Number of farms reporting,Number,85686
Saskatchewan,1966,Total area of farms,Hectares,Hectares,26470227
Saskatchewan,1966,Land in crops,Number of farms reporting,Number,83729
Saskatchewan,1966,Land in crops,Hectares,Hectares,10933892
Alberta,1966,Total area of farms,Number of farms reporting,Number,69411
Alberta,1966,Total area of farms,Hectares,Hectares,19822664
Alberta,1966,Land in crops,Number of farms reporting,Number,65664
Alberta,1966,Land in crops,Hectares,Hectares,7166035
British Columbia,1966,Total area of farms,Number of farms reporting,Number,19085
British Columbia,1966,Total area of farms,Hectares,Hectares,2141722
British Columbia,1966,Land in crops,Number of farms reporting,Number,15641
British Columbia,1966,Land in crops,Hectares,Hectares,386591
Canada,1971,Total area of farms,Number of farms reporting,Number,366110
Canada,1971,Total area of farms,Hectares,Hectares,68660645
Canada,1971,Land in crops,Number of farms reporting,Number,338429
Canada,1971,Land in crops,Hectares,Hectares,27828316
Newfoundland and Labrador,1971,Total area of farms,Number of farms reporting,Number,1042
Newfoundland and Labrador,1971,Total area of farms,Hectares,Hectares,25375
Newfoundland and Labrador,1971,Land in crops,Number of farms reporting,Number,715
Newfoundland and Labrador,1971,Land in crops,Hectares,Hectares,3535
Prince Edward Island,1971,Total area of farms,Number of farms reporting,Number,4543
Prince Edward Island,1971,Total area of farms,Hectares,Hectares,313482
Prince Edward Island,1971,Land in crops,Number of farms reporting,Number,4289
Prince Edward Island,1971,Land in crops,Hectares,Hectares,142200
Nova Scotia,1971,Total area of farms,Number of farms reporting,Number,6008
Nova Scotia,1971,Total area of farms,Hectares,Hectares,537777
Nova Scotia,1971,Land in crops,Number of farms reporting,Number,4948
Nova Scotia,1971,Land in crops,Hectares,Hectares,98322
New Brunswick,1971,Total area of farms,Number of farms reporting,Number,5485
New Brunswick,1971,Total area of farms,Hectares,Hectares,541928
New Brunswick,1971,Land in crops,Number of farms reporting,Number,4795
New Brunswick,1971,Land in crops,Hectares,Hectares,130434
Quebec,1971,Total area of farms,Number of farms reporting,Number,61257
Quebec,1971,Total area of farms,Hectares,Hectares,4371056
Quebec,1971,Land in crops,Number of farms reporting,Number,57549
Quebec,1971,Land in crops,Hectares,Hectares,1755217
Ontario,1971,Total area of farms,Number of farms reporting,Number,94722
Ontario,1971,Total area of farms,Hectares,Hectares,6460019
Ontario,1971,Land in crops,Number of farms reporting,Number,86545
Ontario,1971,Land in crops,Hectares,Hectares,3179166
Manitoba,1971,Total area of farms,Number of farms reporting,Number,34981
Manitoba,1971,Total area of farms,Hectares,Hectares,7692369
Manitoba,1971,Land in crops,Number of farms reporting,Number,32229
Manitoba,1971,Land in crops,Hectares,Hectares,3691734
Saskatchewan,1971,Total area of farms,Number of farms reporting,Number,76970
Saskatchewan,1971,Total area of farms,Hectares,Hectares,26327580
Saskatchewan,1971,Land in crops,Number of farms reporting,Number,74897
Saskatchewan,1971,Land in crops,Hectares,Hectares,11063759
Alberta,1971,Total area of farms,Number of farms reporting,Number,62702
Alberta,1971,Total area of farms,Hectares,Hectares,20034481
Alberta,1971,Land in crops,Number of farms reporting,Number,58410
Alberta,1971,Land in crops,Hectares,Hectares,7321792
British Columbia,1971,Total area of farms,Number of farms reporting,Number,18400
British Columbia,1971,Total area of farms,Hectares,Hectares,2356578
British Columbia,1971,Land in crops,Number of farms reporting,Number,14052
British Columbia,1971,Land in crops,Hectares,Hectares,442157
Canada,1976,Total area of farms,Number of farms reporting,Number,338552
Canada,1976,Total area of farms,Hectares,Hectares,68425124
Canada,1976,Land in crops,Number of farms reporting,Number,312302
Canada,1976,Land in crops,Hectares,Hectares,28343453
Canada,1976,Summerfallow land,Number of farms reporting,Number,134225
Canada,1976,Summerfallow land,Hectares,Hectares,10919878
Canada,1976,Tame or seeded pasture,Number of farms reporting,Number,133383
Canada,1976,Tame or seeded pasture,Hectares,Hectares,4063461
Canada,1976,All other land,Number of farms reporting,Number,300228
Canada,1976,All other land,Hectares,Hectares,25098333
Newfoundland and Labrador,1976,Total area of farms,Number of farms reporting,Number,878
Newfoundland and Labrador,1976,Total area of farms,Hectares,Hectares,32398
Newfoundland and Labrador,1976,Land in crops,Number of farms reporting,Number,682
Newfoundland and Labrador,1976,Land in crops,Hectares,Hectares,4301
Newfoundland and Labrador,1976,Summerfallow land,Number of farms reporting,Number,36
Newfoundland and Labrador,1976,Summerfallow land,Hectares,Hectares,175
Newfoundland and Labrador,1976,Tame or seeded pasture,Number of farms reporting,Number,269
Newfoundland and Labrador,1976,Tame or seeded pasture,Hectares,Hectares,5821
Newfoundland and Labrador,1976,All other land,Number of farms reporting,Number,629
Newfoundland and Labrador,1976,All other land,Hectares,Hectares,22101
Prince Edward Island,1976,Total area of farms,Number of farms reporting,Number,3677
Prince Edward Island,1976,Total area of farms,Hectares,Hectares,295839
Prince Edward Island,1976,Land in crops,Number of farms reporting,Number,3525
Prince Edward Island,1976,Land in crops,Hectares,Hectares,158448
Prince Edward Island,1976,Summerfallow land,Number of farms reporting,Number,169
Prince Edward Island,1976,Summerfallow land,Hectares,Hectares,2344
Prince Edward Island,1976,Tame or seeded pasture,Number of farms reporting,Number,2423
Prince Edward Island,1976,Tame or seeded pasture,Hectares,Hectares,38764
Prince Edward Island,1976,All other land,Number of farms reporting,Number,3331
Prince Edward Island,1976,All other land,Hectares,Hectares,96284
Nova Scotia,1976,Total area of farms,Number of farms reporting,Number,5434
Nova Scotia,1976,Total area of farms,Hectares,Hectares,493293
Nova Scotia,1976,Land in crops,Number of farms reporting,Number,4666
Nova Scotia,1976,Land in crops,Hectares,Hectares,111667
Nova Scotia,1976,Summerfallow land,Number of farms reporting,Number,270
Nova Scotia,1976,Summerfallow land,Hectares,Hectares,2909
Nova Scotia,1976,Tame or seeded pasture,Number of farms reporting,Number,2788
Nova Scotia,1976,Tame or seeded pasture,Hectares,Hectares,42447
Nova Scotia,1976,All other land,Number of farms reporting,Number,5073
Nova Scotia,1976,All other land,Hectares,Hectares,336269
New Brunswick,1976,Total area of farms,Number of farms reporting,Number,4551
New Brunswick,1976,Total area of farms,Hectares,Hectares,466780
New Brunswick,1976,Land in crops,Number of farms reporting,Number,4033
New Brunswick,1976,Land in crops,Hectares,Hectares,137069
New Brunswick,1976,Summerfallow land,Number of farms reporting,Number,217
New Brunswick,1976,Summerfallow land,Hectares,Hectares,1868
New Brunswick,1976,Tame or seeded pasture,Number of farms reporting,Number,2258
New Brunswick,1976,Tame or seeded pasture,Hectares,Hectares,40245
New Brunswick,1976,All other land,Number of farms reporting,Number,4198
New Brunswick,1976,All other land,Hectares,Hectares,287598
Quebec,1976,Total area of farms,Number of farms reporting,Number,51587
Quebec,1976,Total area of farms,Hectares,Hectares,4008945
Quebec,1976,Land in crops,Number of farms reporting,Number,48463
Quebec,1976,Land in crops,Hectares,Hectares,1847507
Quebec,1976,Summerfallow land,Number of farms reporting,Number,1890
Quebec,1976,Summerfallow land,Hectares,Hectares,20441
Quebec,1976,Tame or seeded pasture,Number of farms reporting,Number,27418
Quebec,1976,Tame or seeded pasture,Hectares,Hectares,470314
Quebec,1976,All other land,Number of farms reporting,Number,44107
Quebec,1976,All other land,Hectares,Hectares,1670683
Ontario,1976,Total area of farms,Number of farms reporting,Number,88801
Ontario,1976,Total area of farms,Hectares,Hectares,6261705
Ontario,1976,Land in crops,Number of farms reporting,Number,82211
Ontario,1976,Land in crops,Hectares,Hectares,3506943
Ontario,1976,Summerfallow land,Number of farms reporting,Number,8635
Ontario,1976,Summerfallow land,Hectares,Hectares,75535
Ontario,1976,Tame or seeded pasture,Number of farms reporting,Number,38635
Ontario,1976,Tame or seeded pasture,Hectares,Hectares,743284
Ontario,1976,All other land,Number of farms reporting,Number,77555
Ontario,1976,All other land,Hectares,Hectares,1935942
Manitoba,1976,Total area of farms,Number of farms reporting,Number,32104
Manitoba,1976,Total area of farms,Hectares,Hectares,7699651
Manitoba,1976,Land in crops,Number of farms reporting,Number,29444
Manitoba,1976,Land in crops,Hectares,Hectares,3847546
Manitoba,1976,Summerfallow land,Number of farms reporting,Number,20935
Manitoba,1976,Summerfallow land,Hectares,Hectares,934097
Manitoba,1976,Tame or seeded pasture,Number of farms reporting,Number,8513
Manitoba,1976,Tame or seeded pasture,Hectares,Hectares,311281
Manitoba,1976,All other land,Number of farms reporting,Number,29589
Manitoba,1976,All other land,Hectares,Hectares,2606727
Saskatchewan,1976,Total area of farms,Number of farms reporting,Number,70958
Saskatchewan,1976,Total area of farms,Hectares,Hectares,26511533
Saskatchewan,1976,Land in crops,Number of farms reporting,Number,68589
Saskatchewan,1976,Land in crops,Hectares,Hectares,10600917
Saskatchewan,1976,Summerfallow land,Number of farms reporting,Number,64681
Saskatchewan,1976,Summerfallow land,Hectares,Hectares,7186653
Saskatchewan,1976,Tame or seeded pasture,Number of farms reporting,Number,16233
Saskatchewan,1976,Tame or seeded pasture,Hectares,Hectares,909188
Saskatchewan,1976,All other land,Number of farms reporting,Number,62807
Saskatchewan,1976,All other land,Hectares,Hectares,7814775
Alberta,1976,Total area of farms,Number of farms reporting,Number,61130
Alberta,1976,Total area of farms,Hectares,Hectares,20205455
Alberta,1976,Land in crops,Number of farms reporting,Number,55847
Alberta,1976,Land in crops,Hectares,Hectares,7639441
Alberta,1976,Summerfallow land,Number of farms reporting,Number,35486
Alberta,1976,Summerfallow land,Hectares,Hectares,2628215
Alberta,1976,Tame or seeded pasture,Number of farms reporting,Number,25963
Alberta,1976,Tame or seeded pasture,Hectares,Hectares,1326420
Alberta,1976,All other land,Number of farms reporting,Number,56824
Alberta,1976,All other land,Hectares,Hectares,8611379
British Columbia,1976,Total area of farms,Number of farms reporting,Number,19432
British Columbia,1976,Total area of farms,Hectares,Hectares,2449526
British Columbia,1976,Land in crops,Number of farms reporting,Number,14842
British Columbia,1976,Land in crops,Hectares,Hectares,489614
British Columbia,1976,Summerfallow land,Number of farms reporting,Number,1906
British Columbia,1976,Summerfallow land,Hectares,Hectares,67641
British Columbia,1976,Tame or seeded pasture,Number of farms reporting,Number,8883
British Columbia,1976,Tame or seeded pasture,Hectares,Hectares,175696
British Columbia,1976,All other land,Number of farms reporting,Number,16118
British Columbia,1976,All other land,Hectares,Hectares,1716575
Canada,1981,Total area of farms,Number of farms reporting,Number,318361
Canada,1981,Total area of farms,Hectares,Hectares,65888916
Canada,1981,Land in crops,Number of farms reporting,Number,291879
Canada,1981,Land in crops,Hectares,Hectares,30965812
Canada,1981,Summerfallow land,Number of farms reporting,Number,115330
Canada,1981,Summerfallow land,Hectares,Hectares,9701906
Canada,1981,Tame or seeded pasture,Number of farms reporting,Number,130471
Canada,1981,Tame or seeded pasture,Hectares,Hectares,4404727
Canada,1981,All other land,Number of farms reporting,Number,277391
Canada,1981,All other land,Hectares,Hectares,20816863
Newfoundland and Labrador,1981,Total area of farms,Number of farms reporting,Number,679
Newfoundland and Labrador,1981,Total area of farms,Hectares,Hectares,33454
Newfoundland and Labrador,1981,Land in crops,Number of farms reporting,Number,534
Newfoundland and Labrador,1981,Land in crops,Hectares,Hectares,4744
Newfoundland and Labrador,1981,Summerfallow land,Number of farms reporting,Number,67
Newfoundland and Labrador,1981,Summerfallow land,Hectares,Hectares,358
Newfoundland and Labrador,1981,Tame or seeded pasture,Number of farms reporting,Number,242
Newfoundland and Labrador,1981,Tame or seeded pasture,Hectares,Hectares,4148
Newfoundland and Labrador,1981,All other land,Number of farms reporting,Number,513
Newfoundland and Labrador,1981,All other land,Hectares,Hectares,24207
Prince Edward Island,1981,Total area of farms,Number of farms reporting,Number,3154
Prince Edward Island,1981,Total area of farms,Hectares,Hectares,283024
Prince Edward Island,1981,Land in crops,Number of farms reporting,Number,2955
Prince Edward Island,1981,Land in crops,Hectares,Hectares,158280
Prince Edward Island,1981,Summerfallow land,Number of farms reporting,Number,210
Prince Edward Island,1981,Summerfallow land,Hectares,Hectares,3027
Prince Edward Island,1981,Tame or seeded pasture,Number of farms reporting,Number,2137
Prince Edward Island,1981,Tame or seeded pasture,Hectares,Hectares,36228
Prince Edward Island,1981,All other land,Number of farms reporting,Number,2815
Prince Edward Island,1981,All other land,Hectares,Hectares,85489
Nova Scotia,1981,Total area of farms,Number of farms reporting,Number,5045
Nova Scotia,1981,Total area of farms,Hectares,Hectares,466023
Nova Scotia,1981,Land in crops,Number of farms reporting,Number,4363
Nova Scotia,1981,Land in crops,Hectares,Hectares,112782
Nova Scotia,1981,Summerfallow land,Number of farms reporting,Number,533
Nova Scotia,1981,Summerfallow land,Hectares,Hectares,5154
Nova Scotia,1981,Tame or seeded pasture,Number of farms reporting,Number,2850
Nova Scotia,1981,Tame or seeded pasture,Hectares,Hectares,46106
Nova Scotia,1981,All other land,Number of farms reporting,Number,4602
Nova Scotia,1981,All other land,Hectares,Hectares,301997
New Brunswick,1981,Total area of farms,Number of farms reporting,Number,4063
New Brunswick,1981,Total area of farms,Hectares,Hectares,437888
New Brunswick,1981,Land in crops,Number of farms reporting,Number,3559
New Brunswick,1981,Land in crops,Hectares,Hectares,130526
New Brunswick,1981,Summerfallow land,Number of farms reporting,Number,410
New Brunswick,1981,Summerfallow land,Hectares,Hectares,5183
New Brunswick,1981,Tame or seeded pasture,Number of farms reporting,Number,2272
New Brunswick,1981,Tame or seeded pasture,Hectares,Hectares,41479
New Brunswick,1981,All other land,Number of farms reporting,Number,3680
New Brunswick,1981,All other land,Hectares,Hectares,260714
Quebec,1981,Total area of farms,Number of farms reporting,Number,48144
Quebec,1981,Total area of farms,Hectares,Hectares,3779169
Quebec,1981,Land in crops,Number of farms reporting,Number,42646
Quebec,1981,Land in crops,Hectares,Hectares,1756038
Quebec,1981,Summerfallow land,Number of farms reporting,Number,4651
Quebec,1981,Summerfallow land,Hectares,Hectares,53077
Quebec,1981,Tame or seeded pasture,Number of farms reporting,Number,24783
Quebec,1981,Tame or seeded pasture,Hectares,Hectares,443559
Quebec,1981,All other land,Number of farms reporting,Number,41460
Quebec,1981,All other land,Hectares,Hectares,1526606
Ontario,1981,Total area of farms,Number of farms reporting,Number,82448
Ontario,1981,Total area of farms,Hectares,Hectares,6039237
Ontario,1981,Land in crops,Number of farms reporting,Number,76264
Ontario,1981,Land in crops,Hectares,Hectares,3632727
Ontario,1981,Summerfallow land,Number of farms reporting,Number,7386
Ontario,1981,Summerfallow land,Hectares,Hectares,63309
Ontario,1981,Tame or seeded pasture,Number of farms reporting,Number,35586
Ontario,1981,Tame or seeded pasture,Hectares,Hectares,657009
Ontario,1981,All other land,Number of farms reporting,Number,71734
Ontario,1981,All other land,Hectares,Hectares,1686286
Manitoba,1981,Total area of farms,Number of farms reporting,Number,29442
Manitoba,1981,Total area of farms,Hectares,Hectares,7615926
Manitoba,1981,Land in crops,Number of farms reporting,Number,27242
Manitoba,1981,Land in crops,Hectares,Hectares,4420369
Manitoba,1981,Summerfallow land,Number of farms reporting,Number,14426
Manitoba,1981,Summerfallow land,Hectares,Hectares,598338
Manitoba,1981,Tame or seeded pasture,Number of farms reporting,Number,8844
Manitoba,1981,Tame or seeded pasture,Hectares,Hectares,352507
Manitoba,1981,All other land,Number of farms reporting,Number,26458
Manitoba,1981,All other land,Hectares,Hectares,2244716
Saskatchewan,1981,Total area of farms,Number of farms reporting,Number,67318
Saskatchewan,1981,Total area of farms,Hectares,Hectares,25947086
Saskatchewan,1981,Land in crops,Number of farms reporting,Number,65113
Saskatchewan,1981,Land in crops,Hectares,Hectares,11740864
Saskatchewan,1981,Summerfallow land,Number of farms reporting,Number,57885
Saskatchewan,1981,Summerfallow land,Hectares,Hectares,6704464
Saskatchewan,1981,Tame or seeded pasture,Number of farms reporting,Number,17071
Saskatchewan,1981,Tame or seeded pasture,Hectares,Hectares,975364
Saskatchewan,1981,All other land,Number of farms reporting,Number,57271
Saskatchewan,1981,All other land,Hectares,Hectares,6526404
Alberta,1981,Total area of farms,Number of farms reporting,Number,58056
Alberta,1981,Total area of farms,Hectares,Hectares,19108513
Alberta,1981,Land in crops,Number of farms reporting,Number,53323
Alberta,1981,Land in crops,Hectares,Hectares,8441242
Alberta,1981,Summerfallow land,Number of farms reporting,Number,27845
Alberta,1981,Summerfallow land,Hectares,Hectares,2205468
Alberta,1981,Tame or seeded pasture,Number of farms reporting,Number,27071
Alberta,1981,Tame or seeded pasture,Hectares,Hectares,1581443
Alberta,1981,All other land,Number of farms reporting,Number,52464
Alberta,1981,All other land,Hectares,Hectares,6880383
British Columbia,1981,Total area of farms,Number of farms reporting,Number,20012
British Columbia,1981,Total area of farms,Hectares,Hectares,2178596
British Columbia,1981,Land in crops,Number of farms reporting,Number,15880
British Columbia,1981,Land in crops,Hectares,Hectares,568241
British Columbia,1981,Summerfallow land,Number of farms reporting,Number,1917
British Columbia,1981,Summerfallow land,Hectares,Hectares,63528
British Columbia,1981,Tame or seeded pasture,Number of farms reporting,Number,9615
British Columbia,1981,Tame or seeded pasture,Hectares,Hectares,266884
British Columbia,1981,All other land,Number of farms reporting,Number,16394
British Columbia,1981,All other land,Hectares,Hectares,1280061
Canada,1986,Total area of farms,Number of farms reporting,Number,293089
Canada,1986,Total area of farms,Hectares,Hectares,67825757
Canada,1986,Land in crops,Number of farms reporting,Number,264141
Canada,1986,Land in crops,Hectares,Hectares,33181235
Canada,1986,Summerfallow land,Number of farms reporting,Number,100409
Canada,1986,Summerfallow land,Hectares,Hectares,8499016
Canada,1986,Tame or seeded pasture,Number of farms reporting,Number,95386
Canada,1986,Tame or seeded pasture,Hectares,Hectares,3559215
Canada,1986,All other land,Number of farms reporting,Number,253924
Canada,1986,All other land,Hectares,Hectares,22586292
Newfoundland and Labrador,1986,Total area of farms,Number of farms reporting,Number,651
Newfoundland and Labrador,1986,Total area of farms,Hectares,Hectares,36561
Newfoundland and Labrador,1986,Land in crops,Number of farms reporting,Number,431
Newfoundland and Labrador,1986,Land in crops,Hectares,Hectares,4876
Newfoundland and Labrador,1986,Summerfallow land,Number of farms reporting,Number,85
Newfoundland and Labrador,1986,Summerfallow land,Hectares,Hectares,385
Newfoundland and Labrador,1986,Tame or seeded pasture,Number of farms reporting,Number,223
Newfoundland and Labrador,1986,Tame or seeded pasture,Hectares,Hectares,3822
Newfoundland and Labrador,1986,All other land,Number of farms reporting,Number,547
Newfoundland and Labrador,1986,All other land,Hectares,Hectares,27479
Prince Edward Island,1986,Total area of farms,Number of farms reporting,Number,2833
Prince Edward Island,1986,Total area of farms,Hectares,Hectares,272433
Prince Edward Island,1986,Land in crops,Number of farms reporting,Number,2511
Prince Edward Island,1986,Land in crops,Hectares,Hectares,156498
Prince Edward Island,1986,Summerfallow land,Number of farms reporting,Number,182
Prince Edward Island,1986,Summerfallow land,Hectares,Hectares,2647
Prince Edward Island,1986,Tame or seeded pasture,Number of farms reporting,Number,1362
Prince Edward Island,1986,Tame or seeded pasture,Hectares,Hectares,22622
Prince Edward Island,1986,All other land,Number of farms reporting,Number,2569
Prince Edward Island,1986,All other land,Hectares,Hectares,90666
Nova Scotia,1986,Total area of farms,Number of farms reporting,Number,4283
Nova Scotia,1986,Total area of farms,Hectares,Hectares,416507
Nova Scotia,1986,Land in crops,Number of farms reporting,Number,3459
Nova Scotia,1986,Land in crops,Hectares,Hectares,109512
Nova Scotia,1986,Summerfallow land,Number of farms reporting,Number,385
Nova Scotia,1986,Summerfallow land,Hectares,Hectares,3910
Nova Scotia,1986,Tame or seeded pasture,Number of farms reporting,Number,1920
Nova Scotia,1986,Tame or seeded pasture,Hectares,Hectares,36236
Nova Scotia,1986,All other land,Number of farms reporting,Number,3942
Nova Scotia,1986,All other land,Hectares,Hectares,266848
New Brunswick,1986,Total area of farms,Number of farms reporting,Number,3554
New Brunswick,1986,Total area of farms,Hectares,Hectares,408893
New Brunswick,1986,Land in crops,Number of farms reporting,Number,2913
New Brunswick,1986,Land in crops,Hectares,Hectares,129475
New Brunswick,1986,Summerfallow land,Number of farms reporting,Number,329
New Brunswick,1986,Summerfallow land,Hectares,Hectares,4289
New Brunswick,1986,Tame or seeded pasture,Number of farms reporting,Number,1449
New Brunswick,1986,Tame or seeded pasture,Hectares,Hectares,27204
New Brunswick,1986,All other land,Number of farms reporting,Number,3318
New Brunswick,1986,All other land,Hectares,Hectares,247925
Quebec,1986,Total area of farms,Number of farms reporting,Number,41448
Quebec,1986,Total area of farms,Hectares,Hectares,3638801
Quebec,1986,Land in crops,Number of farms reporting,Number,36035
Quebec,1986,Land in crops,Hectares,Hectares,1744396
Quebec,1986,Summerfallow land,Number of farms reporting,Number,2665
Quebec,1986,Summerfallow land,Hectares,Hectares,31803
Quebec,1986,Tame or seeded pasture,Number of farms reporting,Number,16810
Quebec,1986,Tame or seeded pasture,Hectares,Hectares,301133
Quebec,1986,All other land,Number of farms reporting,Number,36219
Quebec,1986,All other land,Hectares,Hectares,1561470
Ontario,1986,Total area of farms,Number of farms reporting,Number,72713
Ontario,1986,Total area of farms,Hectares,Hectares,5646582
Ontario,1986,Land in crops,Number of farms reporting,Number,65943
Ontario,1986,Land in crops,Hectares,Hectares,3457966
Ontario,1986,Summerfallow land,Number of farms reporting,Number,7367
Ontario,1986,Summerfallow land,Hectares,Hectares,80337
Ontario,1986,Tame or seeded pasture,Number of farms reporting,Number,25066
Ontario,1986,Tame or seeded pasture,Hectares,Hectares,431286
Ontario,1986,All other land,Number of farms reporting,Number,62970
Ontario,1986,All other land,Hectares,Hectares,1676993
Manitoba,1986,Total area of farms,Number of farms reporting,Number,27336
Manitoba,1986,Total area of farms,Hectares,Hectares,7740226
Manitoba,1986,Land in crops,Number of farms reporting,Number,24683
Manitoba,1986,Land in crops,Hectares,Hectares,4519335
Manitoba,1986,Summerfallow land,Number of farms reporting,Number,11900
Manitoba,1986,Summerfallow land,Hectares,Hectares,509213
Manitoba,1986,Tame or seeded pasture,Number of farms reporting,Number,6313
Manitoba,1986,Tame or seeded pasture,Hectares,Hectares,274944
Manitoba,1986,All other land,Number of farms reporting,Number,24034
Manitoba,1986,All other land,Hectares,Hectares,2436733
Saskatchewan,1986,Total area of farms,Number of farms reporting,Number,63431
Saskatchewan,1986,Total area of farms,Hectares,Hectares,26599354
Saskatchewan,1986,Land in crops,Number of farms reporting,Number,61217
Saskatchewan,1986,Land in crops,Hectares,Hectares,13325811
Saskatchewan,1986,Summerfallow land,Number of farms reporting,Number,50412
Saskatchewan,1986,Summerfallow land,Hectares,Hectares,5658251
Saskatchewan,1986,Tame or seeded pasture,Number of farms reporting,Number,12668
Saskatchewan,1986,Tame or seeded pasture,Hectares,Hectares,878726
Saskatchewan,1986,All other land,Number of farms reporting,Number,53223
Saskatchewan,1986,All other land,Hectares,Hectares,6736567
Alberta,1986,Total area of farms,Number of farms reporting,Number,57777
Alberta,1986,Total area of farms,Hectares,Hectares,20655340
Alberta,1986,Land in crops,Number of farms reporting,Number,52347
Alberta,1986,Land in crops,Hectares,Hectares,9162524
Alberta,1986,Summerfallow land,Number of farms reporting,Number,25278
Alberta,1986,Summerfallow land,Hectares,Hectares,2127013
Alberta,1986,Tame or seeded pasture,Number of farms reporting,Number,22254
Alberta,1986,Tame or seeded pasture,Hectares,Hectares,1376814
Alberta,1986,All other land,Number of farms reporting,Number,51708
Alberta,1986,All other land,Hectares,Hectares,7988989
British Columbia,1986,Total area of farms,Number of farms reporting,Number,19063
British Columbia,1986,Total area of farms,Hectares,Hectares,2411060
British Columbia,1986,Land in crops,Number of farms reporting,Number,14602
British Columbia,1986,Land in crops,Hectares,Hectares,570843
British Columbia,1986,Summerfallow land,Number of farms reporting,Number,1806
British Columbia,1986,Summerfallow land,Hectares,Hectares,81167
British Columbia,1986,Tame or seeded pasture,Number of farms reporting,Number,7321
British Columbia,1986,Tame or seeded pasture,Hectares,Hectares,206428
British Columbia,1986,All other land,Number of farms reporting,Number,15394
British Columbia,1986,All other land,Hectares,Hectares,1552622
Canada,1991,Total area of farms,Number of farms reporting,Number,280043
Canada,1991,Total area of farms,Hectares,Hectares,67753700
Canada,1991,Land in crops,Number of farms reporting,Number,248147
Canada,1991,Land in crops,Hectares,Hectares,33507780
Canada,1991,Summerfallow land,Number of farms reporting,Number,80834
Canada,1991,Summerfallow land,Hectares,Hectares,7920948
Canada,1991,Tame or seeded pasture,Number of farms reporting,Number,89980
Canada,1991,Tame or seeded pasture,Hectares,Hectares,4141221
Canada,1991,All other land,Number of farms reporting,Number,248855
Canada,1991,All other land,Hectares,Hectares,22183752
Newfoundland and Labrador,1991,Total area of farms,Number of farms reporting,Number,725
Newfoundland and Labrador,1991,Total area of farms,Hectares,Hectares,47353
Newfoundland and Labrador,1991,Land in crops,Number of farms reporting,Number,468
Newfoundland and Labrador,1991,Land in crops,Hectares,Hectares,6274
Newfoundland and Labrador,1991,Summerfallow land,Number of farms reporting,Number,27
Newfoundland and Labrador,1991,Summerfallow land,Hectares,Hectares,145
Newfoundland and Labrador,1991,Tame or seeded pasture,Number of farms reporting,Number,251
Newfoundland and Labrador,1991,Tame or seeded pasture,Hectares,Hectares,4606
Newfoundland and Labrador,1991,All other land,Number of farms reporting,Number,663
Newfoundland and Labrador,1991,All other land,Hectares,Hectares,36327
Prince Edward Island,1991,Total area of farms,Number of farms reporting,Number,2361
Prince Edward Island,1991,Total area of farms,Hectares,Hectares,258875
Prince Edward Island,1991,Land in crops,Number of farms reporting,Number,2090
Prince Edward Island,1991,Land in crops,Hectares,Hectares,154103
Prince Edward Island,1991,Summerfallow land,Number of farms reporting,Number,87
Prince Edward Island,1991,Summerfallow land,Hectares,Hectares,997
Prince Edward Island,1991,Tame or seeded pasture,Number of farms reporting,Number,1014
Prince Edward Island,1991,Tame or seeded pasture,Hectares,Hectares,19278
Prince Edward Island,1991,All other land,Number of farms reporting,Number,2164
Prince Edward Island,1991,All other land,Hectares,Hectares,84497
Nova Scotia,1991,Total area of farms,Number of farms reporting,Number,3980
Nova Scotia,1991,Total area of farms,Hectares,Hectares,397031
Nova Scotia,1991,Land in crops,Number of farms reporting,Number,3209
Nova Scotia,1991,Land in crops,Hectares,Hectares,106231
Nova Scotia,1991,Summerfallow land,Number of farms reporting,Number,153
Nova Scotia,1991,Summerfallow land,Hectares,Hectares,1186
Nova Scotia,1991,Tame or seeded pasture,Number of farms reporting,Number,1735
Nova Scotia,1991,Tame or seeded pasture,Hectares,Hectares,30723
Nova Scotia,1991,All other land,Number of farms reporting,Number,3706
Nova Scotia,1991,All other land,Hectares,Hectares,258892
New Brunswick,1991,Total area of farms,Number of farms reporting,Number,3252
New Brunswick,1991,Total area of farms,Hectares,Hectares,375631
New Brunswick,1991,Land in crops,Number of farms reporting,Number,2587
New Brunswick,1991,Land in crops,Hectares,Hectares,122247
New Brunswick,1991,Summerfallow land,Number of farms reporting,Number,130
New Brunswick,1991,Summerfallow land,Hectares,Hectares,1551
New Brunswick,1991,Tame or seeded pasture,Number of farms reporting,Number,1284
New Brunswick,1991,Tame or seeded pasture,Hectares,Hectares,25048
New Brunswick,1991,All other land,Number of farms reporting,Number,3058
New Brunswick,1991,All other land,Hectares,Hectares,226785
Quebec,1991,Total area of farms,Number of farms reporting,Number,38076
Quebec,1991,Total area of farms,Hectares,Hectares,3429610
Quebec,1991,Land in crops,Number of farms reporting,Number,31160
Quebec,1991,Land in crops,Hectares,Hectares,1638453
Quebec,1991,Summerfallow land,Number of farms reporting,Number,1109
Quebec,1991,Summerfallow land,Hectares,Hectares,14712
Quebec,1991,Tame or seeded pasture,Number of farms reporting,Number,14238
Quebec,1991,Tame or seeded pasture,Hectares,Hectares,270924
Quebec,1991,All other land,Number of farms reporting,Number,33929
Quebec,1991,All other land,Hectares,Hectares,1505520
Ontario,1991,Total area of farms,Number of farms reporting,Number,68633
Ontario,1991,Total area of farms,Hectares,Hectares,5451379
Ontario,1991,Land in crops,Number of farms reporting,Number,61353
Ontario,1991,Land in crops,Hectares,Hectares,3411667
Ontario,1991,Summerfallow land,Number of farms reporting,Number,5636
Ontario,1991,Summerfallow land,Hectares,Hectares,63657
Ontario,1991,Tame or seeded pasture,Number of farms reporting,Number,21544
Ontario,1991,Tame or seeded pasture,Hectares,Hectares,390212
Ontario,1991,All other land,Number of farms reporting,Number,61549
Ontario,1991,All other land,Hectares,Hectares,1585843
Manitoba,1991,Total area of farms,Number of farms reporting,Number,25706
Manitoba,1991,Total area of farms,Hectares,Hectares,7724990
Manitoba,1991,Land in crops,Number of farms reporting,Number,23563
Manitoba,1991,Land in crops,Hectares,Hectares,4761050
Manitoba,1991,Summerfallow land,Number of farms reporting,Number,7511
Manitoba,1991,Summerfallow land,Hectares,Hectares,296998
Manitoba,1991,Tame or seeded pasture,Number of farms reporting,Number,6151
Manitoba,1991,Tame or seeded pasture,Hectares,Hectares,341291
Manitoba,1991,All other land,Number of farms reporting,Number,23143
Manitoba,1991,All other land,Hectares,Hectares,2325650
Saskatchewan,1991,Total area of farms,Number of farms reporting,Number,60840
Saskatchewan,1991,Total area of farms,Hectares,Hectares,26865488
Saskatchewan,1991,Land in crops,Number of farms reporting,Number,58650
Saskatchewan,1991,Land in crops,Hectares,Hectares,13458915
Saskatchewan,1991,Summerfallow land,Number of farms reporting,Number,45577
Saskatchewan,1991,Summerfallow land,Hectares,Hectares,5712830
Saskatchewan,1991,Tame or seeded pasture,Number of farms reporting,Number,13333
Saskatchewan,1991,Tame or seeded pasture,Hectares,Hectares,1075655
Saskatchewan,1991,All other land,Number of farms reporting,Number,51926
Saskatchewan,1991,All other land,Hectares,Hectares,6618088
Alberta,1991,Total area of farms,Number of farms reporting,Number,57245
Alberta,1991,Total area of farms,Hectares,Hectares,20811002
Alberta,1991,Land in crops,Number of farms reporting,Number,50732
Alberta,1991,Land in crops,Hectares,Hectares,9292044
Alberta,1991,Summerfallow land,Number of farms reporting,Number,18963
Alberta,1991,Summerfallow land,Hectares,Hectares,1771395
Alberta,1991,Tame or seeded pasture,Number of farms reporting,Number,23375
Alberta,1991,Tame or seeded pasture,Hectares,Hectares,1742479
Alberta,1991,All other land,Number of farms reporting,Number,52086
Alberta,1991,All other land,Hectares,Hectares,8005085
British Columbia,1991,Total area of farms,Number of farms reporting,Number,19225
British Columbia,1991,Total area of farms,Hectares,Hectares,2392341
British Columbia,1991,Land in crops,Number of farms reporting,Number,14335
British Columbia,1991,Land in crops,Hectares,Hectares,556796
British Columbia,1991,Summerfallow land,Number of farms reporting,Number,1641
British Columbia,1991,Summerfallow land,Hectares,Hectares,57476
British Columbia,1991,Tame or seeded pasture,Number of farms reporting,Number,7055
British Columbia,1991,Tame or seeded pasture,Hectares,Hectares,241004
British Columbia,1991,All other land,Number of farms reporting,Number,16631
British Columbia,1991,All other land,Hectares,Hectares,1537065
Canada,1996,Total area of farms,Number of farms reporting,Number,276548
Canada,1996,Total area of farms,Hectares,Hectares,68054956
Canada,1996,Land in crops,Number of farms reporting,Number,237760
Canada,1996,Land in crops,Hectares,Hectares,34918733
Canada,1996,Summerfallow land,Number of farms reporting,Number,64819
Canada,1996,Summerfallow land,Hectares,Hectares,6260725
Canada,1996,Tame or seeded pasture,Number of farms reporting,Number,89570
Canada,1996,Tame or seeded pasture,Hectares,Hectares,4349136
Canada,1996,All other land,Number of farms reporting,Number,250403
Canada,1996,All other land,Hectares,Hectares,22526362
Newfoundland and Labrador,1996,Total area of farms,Number of farms reporting,Number,742
Newfoundland and Labrador,1996,Total area of farms,Hectares,Hectares,43836
Newfoundland and Labrador,1996,Land in crops,Number of farms reporting,Number,502
Newfoundland and Labrador,1996,Land in crops,Hectares,Hectares,7180
Newfoundland and Labrador,1996,Summerfallow land,Number of farms reporting,Number,29
Newfoundland and Labrador,1996,Summerfallow land,Hectares,Hectares,96
Newfoundland and Labrador,1996,Tame or seeded pasture,Number of farms reporting,Number,142
Newfoundland and Labrador,1996,Tame or seeded pasture,Hectares,Hectares,2361
Newfoundland and Labrador,1996,All other land,Number of farms reporting,Number,652
Newfoundland and Labrador,1996,All other land,Hectares,Hectares,34199
Prince Edward Island,1996,Total area of farms,Number of farms reporting,Number,2217
Prince Edward Island,1996,Total area of farms,Hectares,Hectares,265217
Prince Edward Island,1996,Land in crops,Number of farms reporting,Number,1938
Prince Edward Island,1996,Land in crops,Hectares,Hectares,170361
Prince Edward Island,1996,Summerfallow land,Number of farms reporting,Number,37
Prince Edward Island,1996,Summerfallow land,Hectares,Hectares,365
Prince Edward Island,1996,Tame or seeded pasture,Number of farms reporting,Number,681
Prince Edward Island,1996,Tame or seeded pasture,Hectares,Hectares,11825
Prince Edward Island,1996,All other land,Number of farms reporting,Number,2037
Prince Edward Island,1996,All other land,Hectares,Hectares,82665
Nova Scotia,1996,Total area of farms,Number of farms reporting,Number,4453
Nova Scotia,1996,Total area of farms,Hectares,Hectares,427324
Nova Scotia,1996,Land in crops,Number of farms reporting,Number,3277
Nova Scotia,1996,Land in crops,Hectares,Hectares,112364
Nova Scotia,1996,Summerfallow land,Number of farms reporting,Number,104
Nova Scotia,1996,Summerfallow land,Hectares,Hectares,579
Nova Scotia,1996,Tame or seeded pasture,Number of farms reporting,Number,1331
Nova Scotia,1996,Tame or seeded pasture,Hectares,Hectares,25005
Nova Scotia,1996,All other land,Number of farms reporting,Number,4159
Nova Scotia,1996,All other land,Hectares,Hectares,289376
New Brunswick,1996,Total area of farms,Number of farms reporting,Number,3405
New Brunswick,1996,Total area of farms,Hectares,Hectares,386019
New Brunswick,1996,Land in crops,Number of farms reporting,Number,2587
New Brunswick,1996,Land in crops,Hectares,Hectares,135008
New Brunswick,1996,Summerfallow land,Number of farms reporting,Number,95
New Brunswick,1996,Summerfallow land,Hectares,Hectares,426
New Brunswick,1996,Tame or seeded pasture,Number of farms reporting,Number,919
New Brunswick,1996,Tame or seeded pasture,Hectares,Hectares,19873
New Brunswick,1996,All other land,Number of farms reporting,Number,3197
New Brunswick,1996,All other land,Hectares,Hectares,230712
Quebec,1996,Total area of farms,Number of farms reporting,Number,35991
Quebec,1996,Total area of farms,Hectares,Hectares,3456213
Quebec,1996,Land in crops,Number of farms reporting,Number,28676
Quebec,1996,Land in crops,Hectares,Hectares,1738811
Quebec,1996,Summerfallow land,Number of farms reporting,Number,757
Quebec,1996,Summerfallow land,Hectares,Hectares,8776
Quebec,1996,Tame or seeded pasture,Number of farms reporting,Number,10580
Quebec,1996,Tame or seeded pasture,Hectares,Hectares,197336
Quebec,1996,All other land,Number of farms reporting,Number,33177
Quebec,1996,All other land,Hectares,Hectares,1511290
Ontario,1996,Total area of farms,Number of farms reporting,Number,67520
Ontario,1996,Total area of farms,Hectares,Hectares,5616860
Ontario,1996,Land in crops,Number of farms reporting,Number,59269
Ontario,1996,Land in crops,Hectares,Hectares,3544927
Ontario,1996,Summerfallow land,Number of farms reporting,Number,1711
Ontario,1996,Summerfallow land,Hectares,Hectares,19624
Ontario,1996,Tame or seeded pasture,Number of farms reporting,Number,19935
Ontario,1996,Tame or seeded pasture,Hectares,Hectares,348348
Ontario,1996,All other land,Number of farms reporting,Number,62035
Ontario,1996,All other land,Hectares,Hectares,1703961
Manitoba,1996,Total area of farms,Number of farms reporting,Number,24383
Manitoba,1996,Total area of farms,Hectares,Hectares,7732138
Manitoba,1996,Land in crops,Number of farms reporting,Number,21527
Manitoba,1996,Land in crops,Hectares,Hectares,4699146
Manitoba,1996,Summerfallow land,Number of farms reporting,Number,7535
Manitoba,1996,Summerfallow land,Hectares,Hectares,323651
Manitoba,1996,Tame or seeded pasture,Number of farms reporting,Number,6960
Manitoba,1996,Tame or seeded pasture,Hectares,Hectares,356243
Manitoba,1996,All other land,Number of farms reporting,Number,22243
Manitoba,1996,All other land,Hectares,Hectares,2353098
Saskatchewan,1996,Total area of farms,Number of farms reporting,Number,56995
Saskatchewan,1996,Total area of farms,Hectares,Hectares,26569062
Saskatchewan,1996,Land in crops,Number of farms reporting,Number,54226
Saskatchewan,1996,Land in crops,Hectares,Hectares,14398651
Saskatchewan,1996,Summerfallow land,Number of farms reporting,Number,37597
Saskatchewan,1996,Summerfallow land,Hectares,Hectares,4431450
Saskatchewan,1996,Tame or seeded pasture,Number of farms reporting,Number,17101
Saskatchewan,1996,Tame or seeded pasture,Hectares,Hectares,1233306
Saskatchewan,1996,All other land,Number of farms reporting,Number,49598
Saskatchewan,1996,All other land,Hectares,Hectares,6505654
Alberta,1996,Total area of farms,Number of farms reporting,Number,59007
Alberta,1996,Total area of farms,Hectares,Hectares,21029228
Alberta,1996,Land in crops,Number of farms reporting,Number,50268
Alberta,1996,Land in crops,Hectares,Hectares,9546547
Alberta,1996,Summerfallow land,Number of farms reporting,Number,15819
Alberta,1996,Summerfallow land,Hectares,Hectares,1436741
Alberta,1996,Tame or seeded pasture,Number of farms reporting,Number,25672
Alberta,1996,Tame or seeded pasture,Hectares,Hectares,1914603
Alberta,1996,All other land,Number of farms reporting,Number,54140
Alberta,1996,All other land,Hectares,Hectares,8131338
British Columbia,1996,Total area of farms,Number of farms reporting,Number,21835
British Columbia,1996,Total area of farms,Hectares,Hectares,2529060
British Columbia,1996,Land in crops,Number of farms reporting,Number,15490
British Columbia,1996,Land in crops,Hectares,Hectares,565738
British Columbia,1996,Summerfallow land,Number of farms reporting,Number,1135
British Columbia,1996,Summerfallow land,Hectares,Hectares,39017
British Columbia,1996,Tame or seeded pasture,Number of farms reporting,Number,6249
British Columbia,1996,Tame or seeded pasture,Hectares,Hectares,240236
British Columbia,1996,All other land,Number of farms reporting,Number,19165
British Columbia,1996,All other land,Hectares,Hectares,1684068
Canada,2001,Total area of farms,Number of farms reporting,Number,246923
Canada,2001,Total area of farms,Hectares,Hectares,67502447
Canada,2001,Land in crops,Number of farms reporting,Number,215581
Canada,2001,Land in crops,Hectares,Hectares,36395151
Canada,2001,Summerfallow land,Number of farms reporting,Number,50671
Canada,2001,Summerfallow land,Hectares,Hectares,4680399
Canada,2001,Tame or seeded pasture,Number of farms reporting,Number,82830
Canada,2001,Tame or seeded pasture,Hectares,Hectares,4804496
Canada,2001,All other land,Number of farms reporting,Number,215824
Canada,2001,All other land,Hectares,Hectares,21622401
Newfoundland and Labrador,2001,Total area of farms,Number of farms reporting,Number,643
Newfoundland and Labrador,2001,Total area of farms,Hectares,Hectares,40578
Newfoundland and Labrador,2001,Land in crops,Number of farms reporting,Number,477
Newfoundland and Labrador,2001,Land in crops,Hectares,Hectares,8435
Newfoundland and Labrador,2001,Summerfallow land,Number of farms reporting,Number,28
Newfoundland and Labrador,2001,Summerfallow land,Hectares,Hectares,114
Newfoundland and Labrador,2001,Tame or seeded pasture,Number of farms reporting,Number,137
Newfoundland and Labrador,2001,Tame or seeded pasture,Hectares,Hectares,2530
Newfoundland and Labrador,2001,All other land,Number of farms reporting,Number,559
Newfoundland and Labrador,2001,All other land,Hectares,Hectares,29500
Prince Edward Island,2001,Total area of farms,Number of farms reporting,Number,1845
Prince Edward Island,2001,Total area of farms,Hectares,Hectares,261482
Prince Edward Island,2001,Land in crops,Number of farms reporting,Number,1684
Prince Edward Island,2001,Land in crops,Hectares,Hectares,175488
Prince Edward Island,2001,Summerfallow land,Number of farms reporting,Number,31
Prince Edward Island,2001,Summerfallow land,Hectares,Hectares,210
Prince Edward Island,2001,Tame or seeded pasture,Number of farms reporting,Number,750
Prince Edward Island,2001,Tame or seeded pasture,Hectares,Hectares,11814
Prince Edward Island,2001,All other land,Number of farms reporting,Number,1677
Prince Edward Island,2001,All other land,Hectares,Hectares,73970
Nova Scotia,2001,Total area of farms,Number of farms reporting,Number,3923
Nova Scotia,2001,Total area of farms,Hectares,Hectares,407046
Nova Scotia,2001,Land in crops,Number of farms reporting,Number,3122
Nova Scotia,2001,Land in crops,Hectares,Hectares,119219
Nova Scotia,2001,Summerfallow land,Number of farms reporting,Number,83
Nova Scotia,2001,Summerfallow land,Hectares,Hectares,609
Nova Scotia,2001,Tame or seeded pasture,Number of farms reporting,Number,1193
Nova Scotia,2001,Tame or seeded pasture,Hectares,Hectares,22873
Nova Scotia,2001,All other land,Number of farms reporting,Number,3574
Nova Scotia,2001,All other land,Hectares,Hectares,264345
New Brunswick,2001,Total area of farms,Number of farms reporting,Number,3034
New Brunswick,2001,Total area of farms,Hectares,Hectares,388053
New Brunswick,2001,Land in crops,Number of farms reporting,Number,2521
New Brunswick,2001,Land in crops,Hectares,Hectares,148883
New Brunswick,2001,Summerfallow land,Number of farms reporting,Number,68
New Brunswick,2001,Summerfallow land,Hectares,Hectares,640
New Brunswick,2001,Tame or seeded pasture,Number of farms reporting,Number,951
New Brunswick,2001,Tame or seeded pasture,Hectares,Hectares,18210
New Brunswick,2001,All other land,Number of farms reporting,Number,2765
New Brunswick,2001,All other land,Hectares,Hectares,220319
Quebec,2001,Total area of farms,Number of farms reporting,Number,32139
Quebec,2001,Total area of farms,Hectares,Hectares,3417026
Quebec,2001,Land in crops,Number of farms reporting,Number,26036
Quebec,2001,Land in crops,Hectares,Hectares,1849938
Quebec,2001,Summerfallow land,Number of farms reporting,Number,551
Quebec,2001,Summerfallow land,Hectares,Hectares,4860
Quebec,2001,Tame or seeded pasture,Number of farms reporting,Number,10727
Quebec,2001,Tame or seeded pasture,Hectares,Hectares,182841
Quebec,2001,All other land,Number of farms reporting,Number,28526
Quebec,2001,All other land,Hectares,Hectares,1379381
Ontario,2001,Total area of farms,Number of farms reporting,Number,59728
Ontario,2001,Total area of farms,Hectares,Hectares,5466233
Ontario,2001,Land in crops,Number of farms reporting,Number,53799
Ontario,2001,Land in crops,Hectares,Hectares,3656705
Ontario,2001,Summerfallow land,Number of farms reporting,Number,1468
Ontario,2001,Summerfallow land,Hectares,Hectares,14235
Ontario,2001,Tame or seeded pasture,Number of farms reporting,Number,19160
Ontario,2001,Tame or seeded pasture,Hectares,Hectares,313085
Ontario,2001,All other land,Number of farms reporting,Number,53321
Ontario,2001,All other land,Hectares,Hectares,1482208
Manitoba,2001,Total area of farms,Number of farms reporting,Number,21071
Manitoba,2001,Total area of farms,Hectares,Hectares,7601779
Manitoba,2001,Land in crops,Number of farms reporting,Number,18836
Manitoba,2001,Land in crops,Hectares,Hectares,4714830
Manitoba,2001,Summerfallow land,Number of farms reporting,Number,5902
Manitoba,2001,Summerfallow land,Hectares,Hectares,255733
Manitoba,2001,Tame or seeded pasture,Number of farms reporting,Number,5980
Manitoba,2001,Tame or seeded pasture,Hectares,Hectares,383474
Manitoba,2001,All other land,Number of farms reporting,Number,18640
Manitoba,2001,All other land,Hectares,Hectares,2247742
Saskatchewan,2001,Total area of farms,Number of farms reporting,Number,50598
Saskatchewan,2001,Total area of farms,Hectares,Hectares,26265645
Saskatchewan,2001,Land in crops,Number of farms reporting,Number,48055
Saskatchewan,2001,Land in crops,Hectares,Hectares,15375929
Saskatchewan,2001,Summerfallow land,Number of farms reporting,Number,28114
Saskatchewan,2001,Summerfallow land,Hectares,Hectares,3131640
Saskatchewan,2001,Tame or seeded pasture,Number of farms reporting,Number,14045
Saskatchewan,2001,Tame or seeded pasture,Hectares,Hectares,1405735
Saskatchewan,2001,All other land,Number of farms reporting,Number,41889
Saskatchewan,2001,All other land,Hectares,Hectares,6352341
Alberta,2001,Total area of farms,Number of farms reporting,Number,53652
Alberta,2001,Total area of farms,Hectares,Hectares,21067486
Alberta,2001,Land in crops,Number of farms reporting,Number,46028
Alberta,2001,Land in crops,Hectares,Hectares,9728181
Alberta,2001,Summerfallow land,Number of farms reporting,Number,13268
Alberta,2001,Summerfallow land,Hectares,Hectares,1235592
Alberta,2001,Tame or seeded pasture,Number of farms reporting,Number,24103
Alberta,2001,Tame or seeded pasture,Hectares,Hectares,2230892
Alberta,2001,All other land,Number of farms reporting,Number,47217
Alberta,2001,All other land,Hectares,Hectares,7872822
British Columbia,2001,Total area of farms,Number of farms reporting,Number,20290
British Columbia,2001,Total area of farms,Hectares,Hectares,2587118
British Columbia,2001,Land in crops,Number of farms reporting,Number,15023
British Columbia,2001,Land in crops,Hectares,Hectares,617545
British Columbia,2001,Summerfallow land,Number of farms reporting,Number,1158
British Columbia,2001,Summerfallow land,Hectares,Hectares,36765
British Columbia,2001,Tame or seeded pasture,Number of farms reporting,Number,5784
British Columbia,2001,Tame or seeded pasture,Hectares,Hectares,233044
British Columbia,2001,All other land,Number of farms reporting,Number,17656
British Columbia,2001,All other land,Hectares,Hectares,1699765
Canada,2006,Total area of farms,Number of farms reporting,Number,229373
Canada,2006,Total area of farms,Hectares,Hectares,67586741
Canada,2006,Land in crops,Number of farms reporting,Number,194717
Canada,2006,Land in crops,Hectares,Hectares,35912247
Canada,2006,Summerfallow land,Number of farms reporting,Number,32345
Canada,2006,Summerfallow land,Hectares,Hectares,3505573
Canada,2006,Tame or seeded pasture,Number of farms reporting,Number,75894
Canada,2006,Tame or seeded pasture,Hectares,Hectares,5694387
Canada,2006,All other land,Number of farms reporting,Number,200380
Canada,2006,All other land,Hectares,Hectares,22474533
Newfoundland and Labrador,2006,Total area of farms,Number of farms reporting,Number,558
Newfoundland and Labrador,2006,Total area of farms,Hectares,Hectares,36195
Newfoundland and Labrador,2006,Land in crops,Number of farms reporting,Number,404
Newfoundland and Labrador,2006,Land in crops,Hectares,Hectares,9175
Newfoundland and Labrador,2006,Summerfallow land,Number of farms reporting,Number,18
Newfoundland and Labrador,2006,Summerfallow land,Hectares,Hectares,68
Newfoundland and Labrador,2006,Tame or seeded pasture,Number of farms reporting,Number,96
Newfoundland and Labrador,2006,Tame or seeded pasture,Hectares,Hectares,2348
Newfoundland and Labrador,2006,All other land,Number of farms reporting,Number,496
Newfoundland and Labrador,2006,All other land,Hectares,Hectares,24606
Prince Edward Island,2006,Total area of farms,Number of farms reporting,Number,1700
Prince Edward Island,2006,Total area of farms,Hectares,Hectares,250859
Prince Edward Island,2006,Land in crops,Number of farms reporting,Number,1524
Prince Edward Island,2006,Land in crops,Hectares,Hectares,171296
Prince Edward Island,2006,Summerfallow land,Number of farms reporting,Number,31
Prince Edward Island,2006,Summerfallow land,Hectares,Hectares,231
Prince Edward Island,2006,Tame or seeded pasture,Number of farms reporting,Number,554
Prince Edward Island,2006,Tame or seeded pasture,Hectares,Hectares,10847
Prince Edward Island,2006,All other land,Number of farms reporting,Number,1555
Prince Edward Island,2006,All other land,Hectares,Hectares,68485
Nova Scotia,2006,Total area of farms,Number of farms reporting,Number,3795
Nova Scotia,2006,Total area of farms,Hectares,Hectares,403044
Nova Scotia,2006,Land in crops,Number of farms reporting,Number,3025
Nova Scotia,2006,Land in crops,Hectares,Hectares,116609
Nova Scotia,2006,Summerfallow land,Number of farms reporting,Number,93
Nova Scotia,2006,Summerfallow land,Hectares,Hectares,1083
Nova Scotia,2006,Tame or seeded pasture,Number of farms reporting,Number,1158
Nova Scotia,2006,Tame or seeded pasture,Hectares,Hectares,23381
Nova Scotia,2006,All other land,Number of farms reporting,Number,3481
Nova Scotia,2006,All other land,Hectares,Hectares,261971
New Brunswick,2006,Total area of farms,Number of farms reporting,Number,2776
New Brunswick,2006,Total area of farms,Hectares,Hectares,395228
New Brunswick,2006,Land in crops,Number of farms reporting,Number,2256
New Brunswick,2006,Land in crops,Hectares,Hectares,151996
New Brunswick,2006,Summerfallow land,Number of farms reporting,Number,70
New Brunswick,2006,Summerfallow land,Hectares,Hectares,859
New Brunswick,2006,Tame or seeded pasture,Number of farms reporting,Number,781
New Brunswick,2006,Tame or seeded pasture,Hectares,Hectares,17013
New Brunswick,2006,All other land,Number of farms reporting,Number,2568
New Brunswick,2006,All other land,Hectares,Hectares,225360
Quebec,2006,Total area of farms,Number of farms reporting,Number,30675
Quebec,2006,Total area of farms,Hectares,Hectares,3462935
Quebec,2006,Land in crops,Number of farms reporting,Number,23967
Quebec,2006,Land in crops,Hectares,Hectares,1933274
Quebec,2006,Summerfallow land,Number of farms reporting,Number,500
Quebec,2006,Summerfallow land,Hectares,Hectares,4288
Quebec,2006,Tame or seeded pasture,Number of farms reporting,Number,8194
Quebec,2006,Tame or seeded pasture,Hectares,Hectares,147387
Quebec,2006,All other land,Number of farms reporting,Number,27411
Quebec,2006,All other land,Hectares,Hectares,1377987
Ontario,2006,Total area of farms,Number of farms reporting,Number,57211
Ontario,2006,Total area of farms,Hectares,Hectares,5386453
Ontario,2006,Land in crops,Number of farms reporting,Number,50169
Ontario,2006,Land in crops,Hectares,Hectares,3660941
Ontario,2006,Summerfallow land,Number of farms reporting,Number,1098
Ontario,2006,Summerfallow land,Hectares,Hectares,11895
Ontario,2006,Tame or seeded pasture,Number of farms reporting,Number,16482
Ontario,2006,Tame or seeded pasture,Hectares,Hectares,303400
Ontario,2006,All other land,Number of farms reporting,Number,50947
Ontario,2006,All other land,Hectares,Hectares,1410217
Manitoba,2006,Total area of farms,Number of farms reporting,Number,19054
Manitoba,2006,Total area of farms,Hectares,Hectares,7718570
Manitoba,2006,Land in crops,Number of farms reporting,Number,16660
Manitoba,2006,Land in crops,Hectares,Hectares,4701010
Manitoba,2006,Summerfallow land,Number of farms reporting,Number,2792
Manitoba,2006,Summerfallow land,Hectares,Hectares,126584
Manitoba,2006,Tame or seeded pasture,Number of farms reporting,Number,5819
Manitoba,2006,Tame or seeded pasture,Hectares,Hectares,498295
Manitoba,2006,All other land,Number of farms reporting,Number,16651
Manitoba,2006,All other land,Hectares,Hectares,2392681
Saskatchewan,2006,Total area of farms,Number of farms reporting,Number,44329
Saskatchewan,2006,Total area of farms,Hectares,Hectares,26002605
Saskatchewan,2006,Land in crops,Number of farms reporting,Number,41056
Saskatchewan,2006,Land in crops,Hectares,Hectares,14960103
Saskatchewan,2006,Summerfallow land,Number of farms reporting,Number,18779
Saskatchewan,2006,Summerfallow land,Hectares,Hectares,2428638
Saskatchewan,2006,Tame or seeded pasture,Number of farms reporting,Number,14396
Saskatchewan,2006,Tame or seeded pasture,Hectares,Hectares,1962222
Saskatchewan,2006,All other land,Number of farms reporting,Number,36243
Saskatchewan,2006,All other land,Hectares,Hectares,6651642
Alberta,2006,Total area of farms,Number of farms reporting,Number,49431
Alberta,2006,Total area of farms,Hectares,Hectares,21095393
Alberta,2006,Land in crops,Number of farms reporting,Number,41172
Alberta,2006,Land in crops,Hectares,Hectares,9621606
Alberta,2006,Summerfallow land,Number of farms reporting,Number,8390
Alberta,2006,Summerfallow land,Hectares,Hectares,906347
Alberta,2006,Tame or seeded pasture,Number of farms reporting,Number,22997
Alberta,2006,Tame or seeded pasture,Hectares,Hectares,2483702
Alberta,2006,All other land,Number of farms reporting,Number,43479
Alberta,2006,All other land,Hectares,Hectares,8083738
British Columbia,2006,Total area of farms,Number of farms reporting,Number,19844
British Columbia,2006,Total area of farms,Hectares,Hectares,2835458
British Columbia,2006,Land in crops,Number of farms reporting,Number,14484
British Columbia,2006,Land in crops,Hectares,Hectares,586238
British Columbia,2006,Summerfallow land,Number of farms reporting,Number,574
British Columbia,2006,Summerfallow land,Hectares,Hectares,25581
British Columbia,2006,Tame or seeded pasture,Number of farms reporting,Number,5417
British Columbia,2006,Tame or seeded pasture,Hectares,Hectares,245793
British Columbia,2006,All other land,Number of farms reporting,Number,17549
British Columbia,2006,All other land,Hectares,Hectares,1977846
Canada,2011,Total area of farms,Number of farms reporting,Number,205730
Canada,2011,Total area of farms,Hectares,Hectares,64812723
Canada,2011,Land in crops,Number of farms reporting,Number,174343
Canada,2011,Land in crops,Hectares,Hectares,35350270
Canada,2011,Summerfallow land,Number of farms reporting,Number,20221
Canada,2011,Summerfallow land,Hectares,Hectares,2085196
Canada,2011,Tame or seeded pasture,Number of farms reporting,Number,64949
Canada,2011,Tame or seeded pasture,Hectares,Hectares,5532652
Canada,2011,All other land,Number of farms reporting,Number,180062
Canada,2011,All other land,Hectares,Hectares,21844605
Newfoundland and Labrador,2011,Total area of farms,Number of farms reporting,Number,510
Newfoundland and Labrador,2011,Total area of farms,Hectares,Hectares,31302
Newfoundland and Labrador,2011,Land in crops,Number of farms reporting,Number,382
Newfoundland and Labrador,2011,Land in crops,Hectares,Hectares,8344
Newfoundland and Labrador,2011,Summerfallow land,Number of farms reporting,Number,17
Newfoundland and Labrador,2011,Summerfallow land,Hectares,Hectares,40
Newfoundland and Labrador,2011,Tame or seeded pasture,Number of farms reporting,Number,73
Newfoundland and Labrador,2011,Tame or seeded pasture,Hectares,Hectares,1612
Newfoundland and Labrador,2011,All other land,Number of farms reporting,Number,466
Newfoundland and Labrador,2011,All other land,Hectares,Hectares,21306
Prince Edward Island,2011,Total area of farms,Number of farms reporting,Number,1495
Prince Edward Island,2011,Total area of farms,Hectares,Hectares,240514
Prince Edward Island,2011,Land in crops,Number of farms reporting,Number,1335
Prince Edward Island,2011,Land in crops,Hectares,Hectares,166209
Prince Edward Island,2011,Summerfallow land,Number of farms reporting,Number,17
Prince Edward Island,2011,Summerfallow land,Hectares,Hectares,79
Prince Edward Island,2011,Tame or seeded pasture,Number of farms reporting,Number,450
Prince Edward Island,2011,Tame or seeded pasture,Hectares,Hectares,8501
Prince Edward Island,2011,All other land,Number of farms reporting,Number,1335
Prince Edward Island,2011,All other land,Hectares,Hectares,65725
Nova Scotia,2011,Total area of farms,Number of farms reporting,Number,3905
Nova Scotia,2011,Total area of farms,Hectares,Hectares,412000
Nova Scotia,2011,Land in crops,Number of farms reporting,Number,3010
Nova Scotia,2011,Land in crops,Hectares,Hectares,113672
Nova Scotia,2011,Summerfallow land,Number of farms reporting,Number,84
Nova Scotia,2011,Summerfallow land,Hectares,Hectares,463
Nova Scotia,2011,Tame or seeded pasture,Number of farms reporting,Number,1072
Nova Scotia,2011,Tame or seeded pasture,Hectares,Hectares,21153
Nova Scotia,2011,All other land,Number of farms reporting,Number,3622
Nova Scotia,2011,All other land,Hectares,Hectares,276712
New Brunswick,2011,Total area of farms,Number of farms reporting,Number,2611
New Brunswick,2011,Total area of farms,Hectares,Hectares,379526
New Brunswick,2011,Land in crops,Number of farms reporting,Number,2101
New Brunswick,2011,Land in crops,Hectares,Hectares,142138
New Brunswick,2011,Summerfallow land,Number of farms reporting,Number,47
New Brunswick,2011,Summerfallow land,Hectares,Hectares,293
New Brunswick,2011,Tame or seeded pasture,Number of farms reporting,Number,752
New Brunswick,2011,Tame or seeded pasture,Hectares,Hectares,16987
New Brunswick,2011,All other land,Number of farms reporting,Number,2434
New Brunswick,2011,All other land,Hectares,Hectares,220107
Quebec,2011,Total area of farms,Number of farms reporting,Number,29437
Quebec,2011,Total area of farms,Hectares,Hectares,3341333
Quebec,2011,Land in crops,Number of farms reporting,Number,22479
Quebec,2011,Land in crops,Hectares,Hectares,1874760
Quebec,2011,Summerfallow land,Number of farms reporting,Number,637
Quebec,2011,Summerfallow land,Hectares,Hectares,4529
Quebec,2011,Tame or seeded pasture,Number of farms reporting,Number,7288
Quebec,2011,Tame or seeded pasture,Hectares,Hectares,126334
Quebec,2011,All other land,Number of farms reporting,Number,26678
Quebec,2011,All other land,Hectares,Hectares,1335709
Ontario,2011,Total area of farms,Number of farms reporting,Number,51950
Ontario,2011,Total area of farms,Hectares,Hectares,5126653
Ontario,2011,Land in crops,Number of farms reporting,Number,45604
Ontario,2011,Land in crops,Hectares,Hectares,3613821
Ontario,2011,Summerfallow land,Number of farms reporting,Number,1122
Ontario,2011,Summerfallow land,Hectares,Hectares,9490
Ontario,2011,Tame or seeded pasture,Number of farms reporting,Number,14605
Ontario,2011,Tame or seeded pasture,Hectares,Hectares,262543
Ontario,2011,All other land,Number of farms reporting,Number,45945
Ontario,2011,All other land,Hectares,Hectares,1240798
Manitoba,2011,Total area of farms,Number of farms reporting,Number,15877
Manitoba,2011,Total area of farms,Hectares,Hectares,7293839
Manitoba,2011,Land in crops,Number of farms reporting,Number,13797
Manitoba,2011,Land in crops,Hectares,Hectares,4348869
Manitoba,2011,Summerfallow land,Number of farms reporting,Number,1961
Manitoba,2011,Summerfallow land,Hectares,Hectares,95818
Manitoba,2011,Tame or seeded pasture,Number of farms reporting,Number,4475
Manitoba,2011,Tame or seeded pasture,Hectares,Hectares,415322
Manitoba,2011,All other land,Number of farms reporting,Number,13885
Manitoba,2011,All other land,Hectares,Hectares,2433831
Saskatchewan,2011,Total area of farms,Number of farms reporting,Number,36952
Saskatchewan,2011,Total area of farms,Hectares,Hectares,24940023
Saskatchewan,2011,Land in crops,Number of farms reporting,Number,34185
Saskatchewan,2011,Land in crops,Hectares,Hectares,14728934
Saskatchewan,2011,Summerfallow land,Number of farms reporting,Number,10378
Saskatchewan,2011,Summerfallow land,Hectares,Hectares,1445510
Saskatchewan,2011,Tame or seeded pasture,Number of farms reporting,Number,11759
Saskatchewan,2011,Tame or seeded pasture,Hectares,Hectares,2057957
Saskatchewan,2011,All other land,Number of farms reporting,Number,30110
Saskatchewan,2011,All other land,Hectares,Hectares,6707623
Alberta,2011,Total area of farms,Number of farms reporting,Number,43234
Alberta,2011,Total area of farms,Hectares,Hectares,20436150
Alberta,2011,Land in crops,Number of farms reporting,Number,36662
Alberta,2011,Land in crops,Hectares,Hectares,9753849
Alberta,2011,Summerfallow land,Number of farms reporting,Number,5336
Alberta,2011,Summerfallow land,Hectares,Hectares,511139
Alberta,2011,Tame or seeded pasture,Number of farms reporting,Number,19036
Alberta,2011,Tame or seeded pasture,Hectares,Hectares,2395944
Alberta,2011,All other land,Number of farms reporting,Number,38188
Alberta,2011,All other land,Hectares,Hectares,7775219
British Columbia,2011,Total area of farms,Number of farms reporting,Number,19759
British Columbia,2011,Total area of farms,Hectares,Hectares,2611382
British Columbia,2011,Land in crops,Number of farms reporting,Number,14788
British Columbia,2011,Land in crops,Hectares,Hectares,599674
British Columbia,2011,Summerfallow land,Number of farms reporting,Number,622
British Columbia,2011,Summerfallow land,Hectares,Hectares,17836
British Columbia,2011,Tame or seeded pasture,Number of farms reporting,Number,5439
British Columbia,2011,Tame or seeded pasture,Hectares,Hectares,226298
British Columbia,2011,All other land,Number of farms reporting,Number,17399
British Columbia,2011,All other land,Hectares,Hectares,1767575
Canada,2016,Total area of farms,Number of farms reporting,Number,193492
Canada,2016,Total area of farms,Hectares,Hectares,64232948
Canada,2016,Land in crops,Number of farms reporting,Number,163431
Canada,2016,Land in crops,Hectares,Hectares,37790608
Canada,2016,Summerfallow land,Number of farms reporting,Number,12558
Canada,2016,Summerfallow land,Hectares,Hectares,893979
Canada,2016,Tame or seeded pasture,Number of farms reporting,Number,54092
Canada,2016,Tame or seeded pasture,Hectares,Hectares,5081309
Canada,2016,All other land,Number of farms reporting,Number,162512
Canada,2016,All other land,Hectares,Hectares,20467052
Newfoundland and Labrador,2016,Total area of farms,Number of farms reporting,Number,407
Newfoundland and Labrador,2016,Total area of farms,Hectares,Hectares,28630
Newfoundland and Labrador,2016,Land in crops,Number of farms reporting,Number,304
Newfoundland and Labrador,2016,Land in crops,Hectares,Hectares,7940
Newfoundland and Labrador,2016,Summerfallow land,Number of farms reporting,Number,15
Newfoundland and Labrador,2016,Summerfallow land,Hectares,Hectares,33
Newfoundland and Labrador,2016,Tame or seeded pasture,Number of farms reporting,Number,80
Newfoundland and Labrador,2016,Tame or seeded pasture,Hectares,Hectares,1617
Newfoundland and Labrador,2016,All other land,Number of farms reporting,Number,370
Newfoundland and Labrador,2016,All other land,Hectares,Hectares,19041
Prince Edward Island,2016,Total area of farms,Number of farms reporting,Number,1353
Prince Edward Island,2016,Total area of farms,Hectares,Hectares,232893
Prince Edward Island,2016,Land in crops,Number of farms reporting,Number,1218
Prince Edward Island,2016,Land in crops,Hectares,Hectares,162005
Prince Edward Island,2016,Summerfallow land,Number of farms reporting,Number,10
Prince Edward Island,2016,Summerfallow land,Hectares,Hectares,25
Prince Edward Island,2016,Tame or seeded pasture,Number of farms reporting,Number,416
Prince Edward Island,2016,Tame or seeded pasture,Hectares,Hectares,9888
Prince Edward Island,2016,All other land,Number of farms reporting,Number,1196
Prince Edward Island,2016,All other land,Hectares,Hectares,60974
Nova Scotia,2016,Total area of farms,Number of farms reporting,Number,3478
Nova Scotia,2016,Total area of farms,Hectares,Hectares,370553
Nova Scotia,2016,Land in crops,Number of farms reporting,Number,2727
Nova Scotia,2016,Land in crops,Hectares,Hectares,108232
Nova Scotia,2016,Summerfallow land,Number of farms reporting,Number,78
Nova Scotia,2016,Summerfallow land,Hectares,Hectares,230
Nova Scotia,2016,Tame or seeded pasture,Number of farms reporting,Number,871
Nova Scotia,2016,Tame or seeded pasture,Hectares,Hectares,16714
Nova Scotia,2016,All other land,Number of farms reporting,Number,3157
Nova Scotia,2016,All other land,Hectares,Hectares,245377
New Brunswick,2016,Total area of farms,Number of farms reporting,Number,2255
New Brunswick,2016,Total area of farms,Hectares,Hectares,338046
New Brunswick,2016,Land in crops,Number of farms reporting,Number,1832
New Brunswick,2016,Land in crops,Hectares,Hectares,139416
New Brunswick,2016,Summerfallow land,Number of farms reporting,Number,23
New Brunswick,2016,Summerfallow land,Hectares,Hectares,71
New Brunswick,2016,Tame or seeded pasture,Number of farms reporting,Number,535
New Brunswick,2016,Tame or seeded pasture,Hectares,Hectares,11818
New Brunswick,2016,All other land,Number of farms reporting,Number,2004
New Brunswick,2016,All other land,Hectares,Hectares,186741
Quebec,2016,Total area of farms,Number of farms reporting,Number,28919
Quebec,2016,Total area of farms,Hectares,Hectares,3279267
Quebec,2016,Land in crops,Number of farms reporting,Number,21614
Quebec,2016,Land in crops,Hectares,Hectares,1866829
Quebec,2016,Summerfallow land,Number of farms reporting,Number,581
Quebec,2016,Summerfallow land,Hectares,Hectares,2114
Quebec,2016,Tame or seeded pasture,Number of farms reporting,Number,6000
Quebec,2016,Tame or seeded pasture,Hectares,Hectares,110425
Quebec,2016,All other land,Number of farms reporting,Number,25434
Quebec,2016,All other land,Hectares,Hectares,1299899
Ontario,2016,Total area of farms,Number of farms reporting,Number,49600
Ontario,2016,Total area of farms,Hectares,Hectares,4997245
Ontario,2016,Land in crops,Number of farms reporting,Number,43631
Ontario,2016,Land in crops,Hectares,Hectares,3650789
Ontario,2016,Summerfallow land,Number of farms reporting,Number,916
Ontario,2016,Summerfallow land,Hectares,Hectares,6428
Ontario,2016,Tame or seeded pasture,Number of farms reporting,Number,12106
Ontario,2016,Tame or seeded pasture,Hectares,Hectares,208076
Ontario,2016,All other land,Number of farms reporting,Number,42148
Ontario,2016,All other land,Hectares,Hectares,1131951
Manitoba,2016,Total area of farms,Number of farms reporting,Number,14791
Manitoba,2016,Total area of farms,Hectares,Hectares,7137698
Manitoba,2016,Land in crops,Number of farms reporting,Number,13034
Manitoba,2016,Land in crops,Hectares,Hectares,4666063
Manitoba,2016,Summerfallow land,Number of farms reporting,Number,1197
Manitoba,2016,Summerfallow land,Hectares,Hectares,40669
Manitoba,2016,Tame or seeded pasture,Number of farms reporting,Number,3636
Manitoba,2016,Tame or seeded pasture,Hectares,Hectares,375912
Manitoba,2016,All other land,Number of farms reporting,Number,12278
Manitoba,2016,All other land,Hectares,Hectares,2055053
Saskatchewan,2016,Total area of farms,Number of farms reporting,Number,34523
Saskatchewan,2016,Total area of farms,Hectares,Hectares,24922881
Saskatchewan,2016,Land in crops,Number of farms reporting,Number,31947
Saskatchewan,2016,Land in crops,Hectares,Hectares,16385436
Saskatchewan,2016,Summerfallow land,Number of farms reporting,Number,5593
Saskatchewan,2016,Summerfallow land,Hectares,Hectares,578445
Saskatchewan,2016,Tame or seeded pasture,Number of farms reporting,Number,10052
Saskatchewan,2016,Tame or seeded pasture,Hectares,Hectares,1946796
Saskatchewan,2016,All other land,Number of farms reporting,Number,26274
Saskatchewan,2016,All other land,Hectares,Hectares,6012205
Alberta,2016,Total area of farms,Number of farms reporting,Number,40638
Alberta,2016,Total area of farms,Hectares,Hectares,20335525
Alberta,2016,Land in crops,Number of farms reporting,Number,33866
Alberta,2016,Land in crops,Hectares,Hectares,10223079
Alberta,2016,Summerfallow land,Number of farms reporting,Number,3660
Alberta,2016,Summerfallow land,Hectares,Hectares,260626
Alberta,2016,Tame or seeded pasture,Number of farms reporting,Number,16077
Alberta,2016,Tame or seeded pasture,Hectares,Hectares,2194190
Alberta,2016,All other land,Number of farms reporting,Number,34537
Alberta,2016,All other land,Hectares,Hectares,7657630
British Columbia,2016,Total area of farms,Number of farms reporting,Number,17528
British Columbia,2016,Total area of farms,Hectares,Hectares,2590210
British Columbia,2016,Land in crops,Number of farms reporting,Number,13258
British Columbia,2016,Land in crops,Hectares,Hectares,580820
British Columbia,2016,Summerfallow land,Number of farms reporting,Number,485
British Columbia,2016,Summerfallow land,Hectares,Hectares,5337
British Columbia,2016,Tame or seeded pasture,Number of farms reporting,Number,4319
British Columbia,2016,Tame or seeded pasture,Hectares,Hectares,205872
British Columbia,2016,All other land,Number of farms reporting,Number,15114
British Columbia,2016,All other land,Hectares,Hectares,1798181
Canada,2021,Total area of farms,Number of farms reporting,Number,189874
Canada,2021,Total area of farms,Hectares,Hectares,62195226
Canada,2021,Land in crops,Number of farms reporting,Number,154549
Canada,2021,Land in crops,Hectares,Hectares,37876632
Canada,2021,Summerfallow land,Number of farms reporting,Number,8755
Canada,2021,Summerfallow land,Hectares,Hectares,534095
Canada,2021,Tame or seeded pasture,Number of farms reporting,Number,46685
Canada,2021,Tame or seeded pasture,Hectares,Hectares,4828538
Canada,2021,All other land,Number of farms reporting,Number,145388
Canada,2021,All other land,Hectares,Hectares,18941175
Newfoundland and Labrador,2021,Total area of farms,Number of farms reporting,Number,344
Newfoundland and Labrador,2021,Total area of farms,Hectares,Hectares,20002
Newfoundland and Labrador,2021,Land in crops,Number of farms reporting,Number,268
Newfoundland and Labrador,2021,Land in crops,Hectares,Hectares,7810
Newfoundland and Labrador,2021,Summerfallow land,Number of farms reporting,Number,10
Newfoundland and Labrador,2021,Summerfallow land,Hectares,Hectares,18
Newfoundland and Labrador,2021,Tame or seeded pasture,Number of farms reporting,Number,38
Newfoundland and Labrador,2021,Tame or seeded pasture,Hectares,Hectares,739
Newfoundland and Labrador,2021,All other land,Number of farms reporting,Number,252
Newfoundland and Labrador,2021,All other land,Hectares,Hectares,11716
Prince Edward Island,2021,Total area of farms,Number of farms reporting,Number,1195
Prince Edward Island,2021,Total area of farms,Hectares,Hectares,204234
Prince Edward Island,2021,Land in crops,Number of farms reporting,Number,1068
Prince Edward Island,2021,Land in crops,Hectares,Hectares,151814
Prince Edward Island,2021,Summerfallow land,Number of farms reporting,Number,7
Prince Edward Island,2021,Summerfallow land,Hectares,Hectares,28
Prince Edward Island,2021,Tame or seeded pasture,Number of farms reporting,Number,291
Prince Edward Island,2021,Tame or seeded pasture,Hectares,Hectares,6172
Prince Edward Island,2021,All other land,Number of farms reporting,Number,891
Prince Edward Island,2021,All other land,Hectares,Hectares,46209
Nova Scotia,2021,Total area of farms,Number of farms reporting,Number,2741
Nova Scotia,2021,Total area of farms,Hectares,Hectares,291392
Nova Scotia,2021,Land in crops,Number of farms reporting,Number,2134
Nova Scotia,2021,Land in crops,Hectares,Hectares,99972
Nova Scotia,2021,Summerfallow land,Number of farms reporting,Number,70
Nova Scotia,2021,Summerfallow land,Hectares,Hectares,144
Nova Scotia,2021,Tame or seeded pasture,Number of farms reporting,Number,651
Nova Scotia,2021,Tame or seeded pasture,Hectares,Hectares,11164
Nova Scotia,2021,All other land,Number of farms reporting,Number,2246
Nova Scotia,2021,All other land,Hectares,Hectares,181742
New Brunswick,2021,Total area of farms,Number of farms reporting,Number,1851
New Brunswick,2021,Total area of farms,Hectares,Hectares,277363
New Brunswick,2021,Land in crops,Number of farms reporting,Number,1471
New Brunswick,2021,Land in crops,Hectares,Hectares,130210
New Brunswick,2021,Summerfallow land,Number of farms reporting,Number,18
New Brunswick,2021,Summerfallow land,Hectares,Hectares,57
New Brunswick,2021,Tame or seeded pasture,Number of farms reporting,Number,442
New Brunswick,2021,Tame or seeded pasture,Hectares,Hectares,9557
New Brunswick,2021,All other land,Number of farms reporting,Number,1463
New Brunswick,2021,All other land,Hectares,Hectares,137718
Quebec,2021,Total area of farms,Number of farms reporting,Number,29380
Quebec,2021,Total area of farms,Hectares,Hectares,3144580
Quebec,2021,Land in crops,Number of farms reporting,Number,20573
Quebec,2021,Land in crops,Hectares,Hectares,1870575
Quebec,2021,Summerfallow land,Number of farms reporting,Number,1005
Quebec,2021,Summerfallow land,Hectares,Hectares,5168
Quebec,2021,Tame or seeded pasture,Number of farms reporting,Number,4295
Quebec,2021,Tame or seeded pasture,Hectares,Hectares,86644
Quebec,2021,All other land,Number of farms reporting,Number,23382
Quebec,2021,All other land,Hectares,Hectares,1181385
Ontario,2021,Total area of farms,Number of farms reporting,Number,48346
Ontario,2021,Total area of farms,Hectares,Hectares,4761559
Ontario,2021,Land in crops,Number of farms reporting,Number,41945
Ontario,2021,Land in crops,Hectares,Hectares,3662814
Ontario,2021,Summerfallow land,Number of farms reporting,Number,814
Ontario,2021,Summerfallow land,Hectares,Hectares,5651
Ontario,2021,Tame or seeded pasture,Number of farms reporting,Number,9624
Ontario,2021,Tame or seeded pasture,Hectares,Hectares,162068
Ontario,2021,All other land,Number of farms reporting,Number,36434
Ontario,2021,All other land,Hectares,Hectares,931465
Manitoba,2021,Total area of farms,Number of farms reporting,Number,14543
Manitoba,2021,Total area of farms,Hectares,Hectares,6928630
Manitoba,2021,Land in crops,Number of farms reporting,Number,12297
Manitoba,2021,Land in crops,Hectares,Hectares,4701755
Manitoba,2021,Summerfallow land,Number of farms reporting,Number,715
Manitoba,2021,Summerfallow land,Hectares,Hectares,27792
Manitoba,2021,Tame or seeded pasture,Number of farms reporting,Number,3115
Manitoba,2021,Tame or seeded pasture,Hectares,Hectares,315845
Manitoba,2021,All other land,Number of farms reporting,Number,11182
Manitoba,2021,All other land,Hectares,Hectares,1881143
Saskatchewan,2021,Total area of farms,Number of farms reporting,Number,34128
Saskatchewan,2021,Total area of farms,Hectares,Hectares,24388514
Saskatchewan,2021,Land in crops,Number of farms reporting,Number,29805
Saskatchewan,2021,Land in crops,Hectares,Hectares,16314216
Saskatchewan,2021,Summerfallow land,Number of farms reporting,Number,3086
Saskatchewan,2021,Summerfallow land,Hectares,Hectares,334433
Saskatchewan,2021,Tame or seeded pasture,Number of farms reporting,Number,9409
Saskatchewan,2021,Tame or seeded pasture,Hectares,Hectares,1934070
Saskatchewan,2021,All other land,Number of farms reporting,Number,23728
Saskatchewan,2021,All other land,Hectares,Hectares,5805719
Alberta,2021,Total area of farms,Number of farms reporting,Number,41505
Alberta,2021,Total area of farms,Hectares,Hectares,19893223
Alberta,2021,Land in crops,Number of farms reporting,Number,33084
Alberta,2021,Land in crops,Hectares,Hectares,10380457
Alberta,2021,Summerfallow land,Number of farms reporting,Number,2459
Alberta,2021,Summerfallow land,Hectares,Hectares,155876
Alberta,2021,Tame or seeded pasture,Number of farms reporting,Number,15244
Alberta,2021,Tame or seeded pasture,Hectares,Hectares,2124583
Alberta,2021,All other land,Number of farms reporting,Number,33091
Alberta,2021,All other land,Hectares,Hectares,7232307
British Columbia,2021,Total area of farms,Number of farms reporting,Number,15841
British Columbia,2021,Total area of farms,Hectares,Hectares,2285729
British Columbia,2021,Land in crops,Number of farms reporting,Number,11904
British Columbia,2021,Land in crops,Hectares,Hectares,557009
British Columbia,2021,Summerfallow land,Number of farms reporting,Number,571
British Columbia,2021,Summerfallow land,Hectares,Hectares,4929
British Columbia,2021,Tame or seeded pasture,Number of farms reporting,Number,3576
British Columbia,2021,Tame or seeded pasture,Hectares,Hectares,177696
British Columbia,2021,All other land,Number of farms reporting,Number,12719
British Columbia,2021,All other land,Hectares,Hectares,1531770
