Year,Crop,Measurement,Unit,Value
2021,Oriental Mustard,Area Seeded,Hectares,11493.1
2021,Yellow Mustard,Area Seeded,Hectares,46417.5
2021,Brown Mustard,Area Seeded,Hectares,37231.1
2021,Total Mustard,Area Seeded,Hectares,95141.7
2021,Large Green Lentils,Area Seeded,Hectares,273972.4
2021,Small Green Lentils,Area Seeded,Hectares,119220.5
2021,Red Lentils,Area Seeded,Hectares,1120292.3
2021,Other Lentils,Area Seeded,Hectares,19424.9
2021,Total Lentils,Area Seeded,Hectares,1532869.6
2021,Green Peas,Area Seeded,Hectares,143016
2021,Yellow Peas,Area Seeded,Hectares,675056.7
2021,Other Peas,Area Seeded,Hectares,31525
2021,Total Peas,Area Seeded,Hectares,849597.8
2021,Kabuli Chickpeas,Area Seeded,Hectares,50666.7
2021,Desi Chickpeas,Area Seeded,Hectares,6313.1
2021,Total Chickpeas,Area Seeded,Hectares,56979.8
2021,Hairless Canary Seed,Area Seeded,Hectares,45365.3
2021,Regular Canary Seed,Area Seeded,Hectares,74017.1
2021,Total Canary Seed,Area Seeded,Hectares,119382.4
2021,Soybeans,Area Seeded,Hectares,34398.3
2021,Triticale,Area Seeded,Hectares,34479.2
2021,Fall Rye,Area Seeded,Hectares,40590
2021,Faba Beans,Area Seeded,Hectares,31120.4
2021,Hemp,Area Seeded,Hectares,7122.5
2021,Dry Beans,Area Seeded,Hectares,5867.9
2021,Sunflower Seed,Area Seeded,Hectares,849.8
2021,Buckwheat,Area Seeded,Hectares,3278
2021,Coriander,Area Seeded,Hectares,4694.4
2021,Camelina,Area Seeded,Hectares,1780.6
2021,Borage,Area Seeded,Hectares,161.9
2021,Caraway,Area Seeded,Hectares,849.8
2021,Fenugreek,Area Seeded,Hectares,930.8
2021,Quinoa,Area Seeded,Hectares,3844.5
2020,Oriental Mustard,Area Seeded,Hectares,5665.6
2020,Yellow Mustard,Area Seeded,Hectares,40792.3
2020,Brown Mustard,Area Seeded,Hectares,23229
2020,Total Mustard,Area Seeded,Hectares,69686.9
2020,Large Green Lentils,Area Seeded,Hectares,366726.5
2020,Small Green Lentils,Area Seeded,Hectares,103397.3
2020,Red Lentils,Area Seeded,Hectares,1044575.5
2020,Other Lentils,Area Seeded,Hectares,26021.3
2020,Total Lentils,Area Seeded,Hectares,1540720.5
2020,Green Peas,Area Seeded,Hectares,196191.8
2020,Yellow Peas,Area Seeded,Hectares,701442.2
2020,Other Peas,Area Seeded,Hectares,41925.5
2020,Total Peas,Area Seeded,Hectares,939559.5
2020,Desi Chickpeas,Area Seeded,Hectares,11452.6
2020,Kabuli Chickpeas,Area Seeded,Hectares,90083.1
2020,Other Chickpeas,Area Seeded,Hectares,566.6
2020,Total Chickpeas,Area Seeded,Hectares,102102.3
2020,Hairless Canary Seed,Area Seeded,Hectares,34924.4
2020,Regular Canary Seed,Area Seeded,Hectares,73167.2
2020,Total Canary Seed,Area Seeded,Hectares,108091.6
2020,Soybeans,Area Seeded,Hectares,51273.7
2020,Triticale,Area Seeded,Hectares,21974.4
2020,Fall Rye,Area Seeded,Hectares,48198.1
2020,Faba Beans,Area Seeded,Hectares,22621.9
2020,Hemp,Area Seeded,Hectares,5908.4
2020,Dry Beans,Area Seeded,Hectares,7729.5
2020,Sunflower Seed,Area Seeded,Hectares,3075.6
2020,Buckwheat,Area Seeded,Hectares,3480.3
2020,Coriander,Area Seeded,Hectares,2387.6
2020,Camelina,Area Seeded,Hectares,3278
2020,Borage,Area Seeded,Hectares,161.9
2020,Caraway,Area Seeded,Hectares,971.2
2020,Fenugreek,Area Seeded,Hectares,1618.7
2020,Quinoa,Area Seeded,Hectares,3642.2
2019,Oriental Mustard,Area Seeded,Hectares,22136.3
2019,Yellow Mustard,Area Seeded,Hectares,39740.2
2019,Brown Mustard,Area Seeded,Hectares,56291.8
2019,Total Mustard,Area Seeded,Hectares,118168.3
2019,Large Green Lentils,Area Seeded,Hectares,367009.7
2019,Small Green Lentils,Area Seeded,Hectares,146658.2
2019,Red Lentils,Area Seeded,Hectares,835110
2019,Other Lentils,Area Seeded,Hectares,22176.8
2019,Total Lentils,Area Seeded,Hectares,1370954.8
2019,Green Peas,Area Seeded,Hectares,175229
2019,Yellow Peas,Area Seeded,Hectares,720867.2
2019,Other Peas,Area Seeded,Hectares,48805.1
2019,Total Peas,Area Seeded,Hectares,944901.3
2019,Desi Chickpeas,Area Seeded,Hectares,6596.4
2019,Kabuli Chickpeas,Area Seeded,Hectares,124036.3
2019,Other Chickpeas,Area Seeded,Hectares,3642.2
2019,Total Chickpeas,Area Seeded,Hectares,134274.8
2019,Hairless Canary Seed,Area Seeded,Hectares,26264.1
2019,Regular Canary Seed,Area Seeded,Hectares,69565.5
2019,Total Canary Seed,Area Seeded,Hectares,106756.2
2019,Soybeans,Area Seeded,Hectares,60702.9
2019,Triticale,Area Seeded,Hectares,27397.2
2019,Fall Rye,Area Seeded,Hectares,41520.8
2019,Faba Beans,Area Seeded,Hectares,20234.3
2019,Hemp,Area Seeded,Hectares,16996.8
2019,Dry Beans,Area Seeded,Hectares,4815.8
2019,Coriander,Area Seeded,Hectares,3601.7
2019,Camelina,Area Seeded,Hectares,1011.7
2019,Borage,Area Seeded,Hectares,202.3
2019,Caraway,Area Seeded,Hectares,3237.5
2019,Buckwheat,Area Seeded,Hectares,2590
2019,Fenugreek,Area Seeded,Hectares,1780.6
2019,Quinoa,Area Seeded,Hectares,526.1
2018,Oriental Mustard,Area Seeded,Hectares,29744.4
2018,Yellow Mustard,Area Seeded,Hectares,59488.8
2018,Brown Mustard,Area Seeded,Hectares,62726.3
2018,Total Mustard,Area Seeded,Hectares,151959.6
2018,Large Green Lentils,Area Seeded,Hectares,460047
2018,Small Green Lentils,Area Seeded,Hectares,158636.9
2018,Red Lentils,Area Seeded,Hectares,703870.4
2018,Other Lentils,Area Seeded,Hectares,31444.1
2018,Total Lentils,Area Seeded,Hectares,1353998.4
2018,Green Peas,Area Seeded,Hectares,133141.7
2018,Yellow Peas,Area Seeded,Hectares,610671.2
2018,Other Peas,Area Seeded,Hectares,39618.8
2018,Total Peas,Area Seeded,Hectares,783188.8
2018,Desi Chickpeas,Area Seeded,Hectares,5584.7
2018,Kabuli Chickpeas,Area Seeded,Hectares,141721
2018,Other Chickpeas,Area Seeded,Hectares,1861.6
2018,Total Chickpeas,Area Seeded,Hectares,149167.3
2018,Total Canary Seed,Area Seeded,Hectares,100362.1
2018,Soybeans,Area Seeded,Hectares,164909.5
2018,Triticale,Area Seeded,Hectares,22460.1
2018,Fall Rye,Area Seeded,Hectares,20679.5
2018,Sunflower Seed,Area Seeded,Hectares,2549.5
2018,Faba Beans,Area Seeded,Hectares,14973.4
2018,Hemp,Area Seeded,Hectares,7729.5
2018,Dry Beans,Area Seeded,Hectares,6313.1
2018,Coriander,Area Seeded,Hectares,2711.4
2018,Camelina,Area Seeded,Hectares,971.2
2018,Caraway,Area Seeded,Hectares,3642.2
2018,Buckwheat,Area Seeded,Hectares,1497.3
2018,Fenugreek,Area Seeded,Hectares,768.9
2017,Oriental Mustard,Area Seeded,Hectares,32374.9
2017,Yellow Mustard,Area Seeded,Hectares,55846.7
2017,Brown Mustard,Area Seeded,Hectares,29137.4
2017,Total Mustard,Area Seeded,Hectares,117358.9
2017,Large Green Lentils,Area Seeded,Hectares,364217.4
2017,Small Green Lentils,Area Seeded,Hectares,145687
2017,Other Lentils,Area Seeded,Hectares,28328
2017,Red Lentils,Area Seeded,Hectares,1048136.7
2017,Total Lentils,Area Seeded,Hectares,1586369.1
2017,Green Peas,Area Seeded,Hectares,121405.8
2017,Yellow Peas,Area Seeded,Hectares,728434.8
2017,Other Peas,Area Seeded,Hectares,26304.6
2017,Total Peas,Area Seeded,Hectares,876145.2
2017,Desi Chickpeas,Area Seeded,Hectares,6070.3
2017,Kabuli Chickpeas,Area Seeded,Hectares,58679.5
2017,Total Chickpeas,Area Seeded,Hectares,64749.8
2017,Total Canary Seed,Area Seeded,Hectares,103194.9
2017,Soybeans,Area Seeded,Hectares,343983.1
2017,Fall Rye,Area Seeded,Hectares,36421.7
2017,Faba Beans,Area Seeded,Hectares,24281.2
2017,Hemp,Area Seeded,Hectares,18534.6
2017,Dry Beans,Area Seeded,Hectares,4046.9
2017,Coriander,Area Seeded,Hectares,4046.9
2017,Borage,Area Seeded,Hectares,930.8
2017,Caraway,Area Seeded,Hectares,3156.6
2017,Buckwheat,Area Seeded,Hectares,849.8
2017,Fenugreek,Area Seeded,Hectares,1821.1
2016,Oriental Mustard,Area Seeded,Hectares,40468.6
2016,Yellow Mustard,Area Seeded,Hectares,97124.6
2016,Brown Mustard,Area Seeded,Hectares,20234.3
2016,Total Mustard,Area Seeded,Hectares,157827.5
2016,Large Green Lentils,Area Seeded,Hectares,424920.3
2016,Small Green Lentils,Area Seeded,Hectares,153780.7
2016,Red Lentils,Area Seeded,Hectares,1537806.8
2016,Other Lentils,Area Seeded,Hectares,22257.7
2016,Total Lentils,Area Seeded,Hectares,2138765.5
2016,Green Peas,Area Seeded,Hectares,155804.1
2016,Yellow Peas,Area Seeded,Hectares,708200.5
2016,Other Peas,Area Seeded,Hectares,18210.9
2016,Total Peas,Area Seeded,Hectares,882215.5
2016,Desi Chickpeas,Area Seeded,Hectares,5260.9
2016,Kabuli Chickpeas,Area Seeded,Hectares,52609.2
2016,Total Chickpeas,Area Seeded,Hectares,57870.1
2016,Hairless Canary Seed,Area Seeded,Hectares,34398.3
2016,Regular Canary Seed,Area Seeded,Hectares,70820
2016,Total Canary Seed,Area Seeded,Hectares,105218.4
2016,Soybeans,Area Seeded,Hectares,97124.6
2016,Triticale,Area Seeded,Hectares,20234.3
2016,Fall Rye,Area Seeded,Hectares,48562.3
2016,Faba Beans,Area Seeded,Hectares,20558
2016,Hemp,Area Seeded,Hectares,8498.4
2016,Dry Beans,Area Seeded,Hectares,2832.8
2016,Coriander,Area Seeded,Hectares,2954.2
2016,Borage,Area Seeded,Hectares,890.3
2016,Caraway,Area Seeded,Hectares,2428.1
2016,Buckwheat,Area Seeded,Hectares,971.2
2016,Fenugreek,Area Seeded,Hectares,1780.6
2015,Oriental Mustard,Area Seeded,Hectares,9833.9
2015,Yellow Mustard,Area Seeded,Hectares,22095.9
2015,Brown Mustard,Area Seeded,Hectares,9833.9
2015,Total Mustard,Area Seeded,Hectares,41763.6
2015,Large Green Lentils,Area Seeded,Hectares,122822.2
2015,Small Green Lentils,Area Seeded,Hectares,42573
2015,Red Lentils,Area Seeded,Hectares,435644.5
2015,Other Lentils,Area Seeded,Hectares,4896.7
2015,Total Lentils,Area Seeded,Hectares,605936.3
2015,Green Peas,Area Seeded,Hectares,77780.6
2015,Yellow Peas,Area Seeded,Hectares,263652.9
2015,Other Peas,Area Seeded,Hectares,8174.7
2015,Total Peas,Area Seeded,Hectares,349608.2
2015,Desi Chickpeas,Area Seeded,Hectares,2428.1
2015,Kabuli Chickpeas,Area Seeded,Hectares,202.3
2015,Total Chickpeas,Area Seeded,Hectares,2630.5
2015,Hairless Canary Seed,Area Seeded,Hectares,50585.8
2015,Regular Canary Seed,Area Seeded,Hectares,80937.2
2015,Total Canary Seed,Area Seeded,Hectares,131522.9
2014,Brown Mustard,Area Seeded,Hectares,40468.6
2014,Yellow Mustard,Area Seeded,Hectares,78913.8
2014,Oriental Mustard,Area Seeded,Hectares,28328
2014,Total Mustard,Area Seeded,Hectares,147710.4
2014,Large Green Lentils,Area Seeded,Hectares,283280.2
2014,Small Green Lentils,Area Seeded,Hectares,87007.5
2014,Red Lentils,Area Seeded,Hectares,821512.6
2014,Other Lentils,Area Seeded,Hectares,22257.7
2014,Total Lentils,Area Seeded,Hectares,1214058
2014,Green Peas,Area Seeded,Hectares,230671
2014,Yellow Peas,Area Seeded,Hectares,768903.4
2014,Other Peas,Area Seeded,Hectares,20234.3
2014,Total Peas,Area Seeded,Hectares,1019808.7
2014,Desi Chickpeas,Area Seeded,Hectares,22257.7
2014,Kabuli Chickpeas,Area Seeded,Hectares,46538.9
2014,Total Chickpeas,Area Seeded,Hectares,68796.6
2014,Hairless Canary Seed,Area Seeded,Hectares,36421.7
2014,Regular Canary Seed,Area Seeded,Hectares,74866.9
2014,Total Canary Seed,Area Seeded,Hectares,111288.6
2014,Soybeans,Area Seeded,Hectares,109265.2
2014,Triticale,Area Seeded,Hectares,14164
2014,Hemp,Area Seeded,Hectares,16187.4
2014,Dry Beans,Area Seeded,Hectares,4046.9
2014,Coriander,Area Seeded,Hectares,10117.1
2014,Camelina,Area Seeded,Hectares,1618.7
2014,Faba Beans,Area Seeded,Hectares,6879.7
2014,Borage,Area Seeded,Hectares,5260.9
2014,Caraway,Area Seeded,Hectares,2832.8
2014,Buckwheat,Area Seeded,Hectares,404.7
2014,Fenugreek,Area Seeded,Hectares,1618.7
2013,Brown Mustard,Area Seeded,Hectares,40468.6
2013,Yellow Mustard,Area Seeded,Hectares,52609.2
2013,Oriental Mustard,Area Seeded,Hectares,16187.4
2013,Total Mustard,Area Seeded,Hectares,109265.2
2013,Large Green Lentils,Area Seeded,Hectares,384451.7
2013,Small Green Lentils,Area Seeded,Hectares,113312.1
2013,Red Lentils,Area Seeded,Hectares,505857.5
2013,Other Lentils,Area Seeded,Hectares,18210.9
2013,Total Lentils,Area Seeded,Hectares,1021832.2
2013,Green Peas,Area Seeded,Hectares,141640.1
2013,Yellow Peas,Area Seeded,Hectares,758786.2
2013,Other Peas,Area Seeded,Hectares,16187.4
2013,Total Peas,Area Seeded,Hectares,916613.8
2013,Desi Chickpeas,Area Seeded,Hectares,18210.9
2013,Kabuli Chickpeas,Area Seeded,Hectares,54632.6
2013,Total Chickpeas,Area Seeded,Hectares,72843.5
2013,Hairless Canary Seed,Area Seeded,Hectares,28328
2013,Regular Canary Seed,Area Seeded,Hectares,56656
2013,Total Canary Seed,Area Seeded,Hectares,84984.1
2013,Soybeans,Area Seeded,Hectares,68796.6
2013,Triticale,Area Seeded,Hectares,10117.1
2013,Hemp,Area Seeded,Hectares,10117.1
2013,Dry Beans,Area Seeded,Hectares,5665.6
2013,Coriander,Area Seeded,Hectares,5665.6
2013,Camelina,Area Seeded,Hectares,809.4
2013,Faba Beans,Area Seeded,Hectares,3237.5
2013,Borage,Area Seeded,Hectares,2428.1
2013,Caraway,Area Seeded,Hectares,2225.8
2013,Caranata,Area Seeded,Hectares,2023.4
2013,Buckwheat,Area Seeded,Hectares,1295
2013,Fenugreek,Area Seeded,Hectares,1011.7
2012,Brown Mustard,Area Seeded,Hectares,26304.6
2012,Yellow Mustard,Area Seeded,Hectares,52609.2
2012,Oriental Mustard,Area Seeded,Hectares,18210.9
2012,Total Mustard,Area Seeded,Hectares,97124.6
2012,Large Green Lentils,Area Seeded,Hectares,485623.2
2012,Small Green Lentils,Area Seeded,Hectares,105218.4
2012,Red Lentils,Area Seeded,Hectares,364217.4
2012,Other Lentils,Area Seeded,Hectares,28328
2012,Total Lentils,Area Seeded,Hectares,983387
2012,Green Peas,Area Seeded,Hectares,131522.9
2012,Yellow Peas,Area Seeded,Hectares,910543.5
2012,Other Peas,Area Seeded,Hectares,10117.1
2012,Total Peas,Area Seeded,Hectares,1052183.6
2012,Desi Chickpeas,Area Seeded,Hectares,8093.7
2012,Kabuli Chickpeas,Area Seeded,Hectares,64749.8
2012,Total Chickpeas,Area Seeded,Hectares,72843.5
2012,Hairless Canary Seed,Area Seeded,Hectares,48562.3
2012,Regular Canary Seed,Area Seeded,Hectares,87007.5
2012,Total Canary Seed,Area Seeded,Hectares,135569.8
2012,Soybeans,Area Seeded,Hectares,30351.4
2012,Triticale,Area Seeded,Hectares,8093.7
2012,Hemp,Area Seeded,Hectares,7689
2012,Dry Beans,Area Seeded,Hectares,4451.5
2012,Coriander,Area Seeded,Hectares,6272.6
2012,Camelina,Area Seeded,Hectares,404.7
2012,Faba Beans,Area Seeded,Hectares,2428.1
2012,Borage,Area Seeded,Hectares,1699.7
2012,Caraway,Area Seeded,Hectares,2630.5
2012,Caranata,Area Seeded,Hectares,2428.1
2012,Buckwheat,Area Seeded,Hectares,1618.7
2012,Fenugreek,Area Seeded,Hectares,404.7
2011,Brown Mustard,Area Seeded,Hectares,36421.7
2011,Yellow Mustard,Area Seeded,Hectares,40468.6
2011,Oriental Mustard,Area Seeded,Hectares,30351.4
2011,Total Mustard,Area Seeded,Hectares,107241.8
2011,Large Green Lentils,Area Seeded,Hectares,418850
2011,Small Green Lentils,Area Seeded,Hectares,80937.2
2011,Red Lentils,Area Seeded,Hectares,471459.2
2011,Other Lentils,Area Seeded,Hectares,24281.2
2011,Total Lentils,Area Seeded,Hectares,995527.6
2011,Green Peas,Area Seeded,Hectares,106432.4
2011,Yellow Peas,Area Seeded,Hectares,572630.7
2011,Other Peas,Area Seeded,Hectares,8903.1
2011,Total Peas,Area Seeded,Hectares,687966.2
2011,Kabuli Chickpeas,Area Seeded,Hectares,26304.6
2011,Total Chickpeas,Area Seeded,Hectares,42492
2011,Hairless Canary Seed,Area Seeded,Hectares,42492
2011,Regular Canary Seed,Area Seeded,Hectares,68796.6
2011,Total Canary Seed,Area Seeded,Hectares,111288.6
2011,Triticale,Area Seeded,Hectares,12140.6
2011,Dry Beans,Area Seeded,Hectares,3642.2
2011,Caraway,Area Seeded,Hectares,3278
2011,Coriander,Area Seeded,Hectares,6475
2011,Camelina,Area Seeded,Hectares,283.3
2011,Borage,Area Seeded,Hectares,688
2011,Hemp,Area Seeded,Hectares,2387.6
2011,Faba Beans,Area Seeded,Hectares,6070.3
2011,Soybeans,Area Seeded,Hectares,4046.9
2011,Fenugreek,Area Seeded,Hectares,242.8
2011,Buckwheat,Area Seeded,Hectares,1618.7
2010,Brown Mustard,Area Seeded,Hectares,28328
2010,Yellow Mustard,Area Seeded,Hectares,80937.2
2010,Oriental Mustard,Area Seeded,Hectares,40468.6
2010,Total Mustard,Area Seeded,Hectares,149733.8
2010,Large Green Lentils,Area Seeded,Hectares,479552.9
2010,Small Green Lentils,Area Seeded,Hectares,95101.2
2010,Red Lentils,Area Seeded,Hectares,752716
2010,Other Lentils,Area Seeded,Hectares,24281.2
2010,Total Lentils,Area Seeded,Hectares,1351651.2
2010,Green Peas,Area Seeded,Hectares,163897.8
2010,Yellow Peas,Area Seeded,Hectares,870074.9
2010,Other Peas,Area Seeded,Hectares,22257.7
2010,Total Peas,Area Seeded,Hectares,1056230.5
2010,Kabuli Chickpeas,Area Seeded,Hectares,60702.9
2010,Total Chickpeas,Area Seeded,Hectares,82960.6
2010,Hairless Canary Seed,Area Seeded,Hectares,70820
2010,Regular Canary Seed,Area Seeded,Hectares,76890.3
2010,Total Canary Seed,Area Seeded,Hectares,147710.4
2010,Triticale,Area Seeded,Hectares,24281.2
2010,Dry Beans,Area Seeded,Hectares,4046.9
2010,Caraway,Area Seeded,Hectares,2630.5
2010,Coriander,Area Seeded,Hectares,8093.7
2010,Camelina,Area Seeded,Hectares,6070.3
2010,Borage,Area Seeded,Hectares,809.4
2010,Hemp,Area Seeded,Hectares,1214.1
2010,Faba Beans,Area Seeded,Hectares,6070.3
2010,Soybeans,Area Seeded,Hectares,4856.2
2010,Fenugreek,Area Seeded,Hectares,242.8
2009,Brown Mustard,Area Seeded,Hectares,36421.7
2009,Yellow Mustard,Area Seeded,Hectares,93077.8
2009,Oriental Mustard,Area Seeded,Hectares,34398.3
2009,Total Mustard,Area Seeded,Hectares,163897.8
2009,Large Green Lentils,Area Seeded,Hectares,329819.1
2009,Small Green Lentils,Area Seeded,Hectares,101171.5
2009,Red Lentils,Area Seeded,Hectares,497763.8
2009,Other Lentils,Area Seeded,Hectares,24281.2
2009,Total Lentils,Area Seeded,Hectares,953035.5
2009,Green Peas,Area Seeded,Hectares,186155.6
2009,Yellow Peas,Area Seeded,Hectares,963152.7
2009,Other Peas,Area Seeded,Hectares,14164
2009,Total Peas,Area Seeded,Hectares,1163472.2
2009,Kabuli Chickpeas,Area Seeded,Hectares,22257.7
2009,Total Chickpeas,Area Seeded,Hectares,32374.9
2009,Hairless Canary Seed,Area Seeded,Hectares,40468.6
2009,Regular Canary Seed,Area Seeded,Hectares,80937.2
2009,Total Canary Seed,Area Seeded,Hectares,121405.8
2009,Triticale,Area Seeded,Hectares,32374.9
2009,Dry Beans,Area Seeded,Hectares,6070.3
2009,Caraway,Area Seeded,Hectares,2428.1
2009,Coriander,Area Seeded,Hectares,8093.7
2009,Camelina,Area Seeded,Hectares,8093.7
2009,Borage,Area Seeded,Hectares,1214.1
2009,Hemp,Area Seeded,Hectares,1214.1
2009,Faba Beans,Area Seeded,Hectares,6070.3
2009,Soybeans,Area Seeded,Hectares,4046.9
2008,Brown Mustard,Area Seeded,Hectares,62726.3
2008,Yellow Mustard,Area Seeded,Hectares,68796.6
2008,Oriental Mustard,Area Seeded,Hectares,18210.9
2008,Total Mustard,Area Seeded,Hectares,149733.8
2008,Large Green Lentils,Area Seeded,Hectares,275186.5
2008,Small Green Lentils,Area Seeded,Hectares,74866.9
2008,Red Lentils,Area Seeded,Hectares,337912.8
2008,Other Lentils,Area Seeded,Hectares,18210.9
2008,Total Lentils,Area Seeded,Hectares,706177.1
2008,Green Peas,Area Seeded,Hectares,182108.7
2008,Yellow Peas,Area Seeded,Hectares,1092652.2
2008,Other Peas,Area Seeded,Hectares,10117.1
2008,Total Peas,Area Seeded,Hectares,1284878
2008,Kabuli Chickpeas,Area Seeded,Hectares,36421.7
2008,Total Chickpeas,Area Seeded,Hectares,44515.5
2008,Hairless Canary Seed,Area Seeded,Hectares,54632.6
2008,Regular Canary Seed,Area Seeded,Hectares,103194.9
2008,Total Canary Seed,Area Seeded,Hectares,157827.5
2008,Triticale,Area Seeded,Hectares,20234.3
2008,Dry Beans,Area Seeded,Hectares,8093.7
2008,Caraway,Area Seeded,Hectares,2428.1
2008,Coriander,Area Seeded,Hectares,7284.3
2008,Camelina,Area Seeded,Hectares,2023.4
2008,Borage,Area Seeded,Hectares,1618.7
2008,Hemp,Area Seeded,Hectares,1618.7
2008,Faba Beans,Area Seeded,Hectares,4046.9
2008,Soybeans,Area Seeded,Hectares,2832.8
2007,Brown Mustard,Area Seeded,Hectares,44515.5
2007,Yellow Mustard,Area Seeded,Hectares,87007.5
2007,Oriental Mustard,Area Seeded,Hectares,20234.3
2007,Total Mustard,Area Seeded,Hectares,151757.2
2007,Large Green Lentils,Area Seeded,Hectares,242811.6
2007,Small Green Lentils,Area Seeded,Hectares,111288.6
2007,Red Lentils,Area Seeded,Hectares,204366.4
2007,Other Lentils,Area Seeded,Hectares,22257.7
2007,Total Lentils,Area Seeded,Hectares,580724.4
2007,Green Peas,Area Seeded,Hectares,214483.6
2007,Yellow Peas,Area Seeded,Hectares,944941.8
2007,Other Peas,Area Seeded,Hectares,24281.2
2007,Total Peas,Area Seeded,Hectares,1183706.6
2007,Desi Chickpeas,Area Seeded,Hectares,28328
2007,Kabuli Chickpeas,Area Seeded,Hectares,93077.8
2007,Other Chickpeas,Area Seeded,Hectares,32374.9
2007,Total Chickpeas,Area Seeded,Hectares,153780.7
2007,Hairless Canary Seed,Area Seeded,Hectares,62726.3
2007,Regular Canary Seed,Area Seeded,Hectares,109265.2
2007,Total Canary Seed,Area Seeded,Hectares,171991.5
2007,Triticale,Area Seeded,Hectares,32374.9
2007,Caraway,Area Seeded,Hectares,8093.7
2007,Coriander,Area Seeded,Hectares,6070.3
2007,Borage,Area Seeded,Hectares,4046.9
2007,Sunflower Seed,Area Seeded,Hectares,4046.9
2006,Brown Mustard,Area Seeded,Hectares,31160.8
2006,Yellow Mustard,Area Seeded,Hectares,61917
2006,Oriental Mustard,Area Seeded,Hectares,15378.1
2006,Total Mustard,Area Seeded,Hectares,108455.8
2006,Sunflower Seed,Area Seeded,Hectares,6475
2006,Large Green Lentils,Area Seeded,Hectares,216507
2006,Small Green Lentils,Area Seeded,Hectares,98743.4
2006,Red Lentils,Area Seeded,Hectares,181704
2006,Other Lentils,Area Seeded,Hectares,19424.9
2006,Total Lentils,Area Seeded,Hectares,516379.3
2006,Green Peas,Area Seeded,Hectares,178061.8
2006,Yellow Peas,Area Seeded,Hectares,785495.5
2006,Other Peas,Area Seeded,Hectares,20234.3
2006,Total Peas,Area Seeded,Hectares,983791.7
2006,Desi Chickpeas,Area Seeded,Hectares,20639
2006,Kabuli Chickpeas,Area Seeded,Hectares,67987.2
2006,Other Chickpeas,Area Seeded,Hectares,23876.5
2006,Total Chickpeas,Area Seeded,Hectares,112502.7
2006,Hairless Canary Seed,Area Seeded,Hectares,48157.6
2006,Regular Canary Seed,Area Seeded,Hectares,83770
2006,Total Canary Seed,Area Seeded,Hectares,131927.6
2006,Triticale,Area Seeded,Hectares,26304.6
2006,Caraway,Area Seeded,Hectares,5665.6
2006,Coriander,Area Seeded,Hectares,5665.6
2006,Borage,Area Seeded,Hectares,5665.6
2021,Oriental Mustard,Area Harvested,Hectares,10643.2
2021,Yellow Mustard,Area Harvested,Hectares,40185.3
2021,Brown Mustard,Area Harvested,Hectares,36300.3
2021,Total Mustard,Area Harvested,Hectares,87128.9
2021,Large Green Lentils,Area Harvested,Hectares,264057.6
2021,Small Green Lentils,Area Harvested,Hectares,118937.2
2021,Red Lentils,Area Harvested,Hectares,1107261.4
2021,Other Lentils,Area Harvested,Hectares,18332.3
2021,Total Lentils,Area Harvested,Hectares,1508588.5
2021,Green Peas,Area Harvested,Hectares,140223.7
2021,Yellow Peas,Area Harvested,Hectares,645555.1
2021,Other Peas,Area Harvested,Hectares,27882.9
2021,Total Peas,Area Harvested,Hectares,813661.7
2021,Kabuli Chickpeas,Area Harvested,Hectares,50059.7
2021,Desi Chickpeas,Area Harvested,Hectares,6272.6
2021,Total Chickpeas,Area Harvested,Hectares,56332.3
2021,Hairless Canary Seed,Area Harvested,Hectares,45001.1
2021,Regular Canary Seed,Area Harvested,Hectares,72600.7
2021,Total Canary Seed,Area Harvested,Hectares,117601.8
2021,Soybeans,Area Harvested,Hectares,34398.3
2021,Triticale,Area Harvested,Hectares,8296.1
2021,Fall Rye,Area Harvested,Hectares,28287.6
2021,Faba Beans,Area Harvested,Hectares,28085.2
2021,Hemp,Area Harvested,Hectares,6839.2
2021,Dry Beans,Area Harvested,Hectares,5260.9
2020,Oriental Mustard,Area Harvested,Hectares,5382.3
2020,Yellow Mustard,Area Harvested,Hectares,39983
2020,Brown Mustard,Area Harvested,Hectares,22945.7
2020,Total Mustard,Area Harvested,Hectares,68311
2020,Large Green Lentils,Area Harvested,Hectares,363812.7
2020,Small Green Lentils,Area Harvested,Hectares,103275.9
2020,Red Lentils,Area Harvested,Hectares,1042066.4
2020,Other Lentils,Area Harvested,Hectares,25980.8
2020,Total Lentils,Area Harvested,Hectares,1535135.9
2020,Green Peas,Area Harvested,Hectares,194411.2
2020,Yellow Peas,Area Harvested,Hectares,698407.1
2020,Other Peas,Area Harvested,Hectares,40306.7
2020,Total Peas,Area Harvested,Hectares,933125
2020,Desi Chickpeas,Area Harvested,Hectares,11452.6
2020,Kabuli Chickpeas,Area Harvested,Hectares,89476.1
2020,Other Chickpeas,Area Harvested,Hectares,566.6
2020,Total Chickpeas,Area Harvested,Hectares,101495.2
2020,Hairless Canary Seed,Area Harvested,Hectares,34924.4
2020,Regular Canary Seed,Area Harvested,Hectares,72883.9
2020,Total Canary Seed,Area Harvested,Hectares,107808.4
2020,Soybeans,Area Harvested,Hectares,51111.8
2020,Triticale,Area Harvested,Hectares,9510.1
2020,Fall Rye,Area Harvested,Hectares,46336.5
2020,Faba Beans,Area Harvested,Hectares,22621.9
2020,Hemp,Area Harvested,Hectares,5908.4
2020,Dry Beans,Area Harvested,Hectares,7324.8
2020,Sunflower Seed,Area Harvested,Hectares,3075.6
2020,Buckwheat,Area Harvested,Hectares,3480.3
2019,Oriental Mustard,Area Harvested,Hectares,19829.6
2019,Yellow Mustard,Area Harvested,Hectares,38364.2
2019,Brown Mustard,Area Harvested,Hectares,55442
2019,Total Mustard,Area Harvested,Hectares,113635.8
2019,Large Green Lentils,Area Harvested,Hectares,346370.7
2019,Small Green Lentils,Area Harvested,Hectares,141033.1
2019,Red Lentils,Area Harvested,Hectares,825680.8
2019,Other Lentils,Area Harvested,Hectares,22055.4
2019,Total Lentils,Area Harvested,Hectares,1335140.1
2019,Green Peas,Area Harvested,Hectares,164262
2019,Yellow Peas,Area Harvested,Hectares,718398.6
2019,Other Peas,Area Harvested,Hectares,47186.4
2019,Total Peas,Area Harvested,Hectares,929847
2019,Desi Chickpeas,Area Harvested,Hectares,6475
2019,Kabuli Chickpeas,Area Harvested,Hectares,121567.7
2019,Other Chickpeas,Area Harvested,Hectares,3642.2
2019,Total Chickpeas,Area Harvested,Hectares,131684.8
2019,Hairless Canary Seed,Area Harvested,Hectares,24281.2
2019,Regular Canary Seed,Area Harvested,Hectares,67380.2
2019,Total Canary Seed,Area Harvested,Hectares,104409
2019,Soybeans,Area Harvested,Hectares,56332.3
2019,Triticale,Area Harvested,Hectares,15418.5
2019,Fall Rye,Area Harvested,Hectares,33588.9
2019,Faba Beans,Area Harvested,Hectares,19141.6
2019,Hemp,Area Harvested,Hectares,393759.5
2019,Dry Beans,Area Harvested,Hectares,3561.2
2019,Buckwheat,Area Harvested,Hectares,1861.6
2018,Oriental Mustard,Area Harvested,Hectares,29663.5
2018,Yellow Mustard,Area Harvested,Hectares,56089.5
2018,Brown Mustard,Area Harvested,Hectares,61674.1
2018,Total Mustard,Area Harvested,Hectares,147427.1
2018,Large Green Lentils,Area Harvested,Hectares,444183.4
2018,Small Green Lentils,Area Harvested,Hectares,155561.3
2018,Red Lentils,Area Harvested,Hectares,697557.3
2018,Other Lentils,Area Harvested,Hectares,31444.1
2018,Total Lentils,Area Harvested,Hectares,1328746
2018,Green Peas,Area Harvested,Hectares,130308.9
2018,Yellow Peas,Area Harvested,Hectares,598773.4
2018,Other Peas,Area Harvested,Hectares,38971.3
2018,Total Peas,Area Harvested,Hectares,767972.6
2018,Desi Chickpeas,Area Harvested,Hectares,5584.7
2018,Kabuli Chickpeas,Area Harvested,Hectares,138726.4
2018,Other Chickpeas,Area Harvested,Hectares,1740.1
2018,Total Chickpeas,Area Harvested,Hectares,146051.2
2018,Total Canary Seed,Area Harvested,Hectares,99957.4
2018,Soybeans,Area Harvested,Hectares,163736
2018,Triticale,Area Harvested,Hectares,8903.1
2018,Fall Rye,Area Harvested,Hectares,19991.5
2018,Sunflower Seed,Area Harvested,Hectares,2468.6
2018,Faba Beans,Area Harvested,Hectares,14002.1
2018,Hemp,Area Harvested,Hectares,7689
2018,Dry Beans,Area Harvested,Hectares,5099
2018,Coriander,Area Harvested,Hectares,2590
2018,Camelina,Area Harvested,Hectares,930.8
2018,Caraway,Area Harvested,Hectares,3601.7
2018,Buckwheat,Area Harvested,Hectares,1456.9
2018,Fenugreek,Area Harvested,Hectares,728.4
2017,Oriental Mustard,Area Harvested,Hectares,32374.9
2017,Yellow Mustard,Area Harvested,Hectares,54632.6
2017,Brown Mustard,Area Harvested,Hectares,28328
2017,Total Mustard,Area Harvested,Hectares,115335.5
2017,Large Green Lentils,Area Harvested,Hectares,362194
2017,Small Green Lentils,Area Harvested,Hectares,144877.6
2017,Other Lentils,Area Harvested,Hectares,27114
2017,Red Lentils,Area Harvested,Hectares,1044089.9
2017,Total Lentils,Area Harvested,Hectares,1578275.4
2017,Green Peas,Area Harvested,Hectares,120596.4
2017,Yellow Peas,Area Harvested,Hectares,722364.5
2017,Other Peas,Area Harvested,Hectares,24281.2
2017,Total Peas,Area Harvested,Hectares,867242.1
2017,Desi Chickpeas,Area Harvested,Hectares,6070.3
2017,Kabuli Chickpeas,Area Harvested,Hectares,58679.5
2017,Total Chickpeas,Area Harvested,Hectares,64749.8
2017,Total Canary Seed,Area Harvested,Hectares,103194.9
2017,Soybeans,Area Harvested,Hectares,341959.7
2017,Fall Rye,Area Harvested,Hectares,35612.4
2017,Faba Beans,Area Harvested,Hectares,23876.5
2017,Hemp,Area Harvested,Hectares,18049
2017,Dry Beans,Area Harvested,Hectares,4006.4
2017,Coriander,Area Harvested,Hectares,3965.9
2017,Borage,Area Harvested,Hectares,890.3
2017,Caraway,Area Harvested,Hectares,3035.1
2017,Buckwheat,Area Harvested,Hectares,809.4
2017,Fenugreek,Area Harvested,Hectares,1740.1
2016,Oriental Mustard,Area Harvested,Hectares,38445.2
2016,Yellow Mustard,Area Harvested,Hectares,91054.3
2016,Brown Mustard,Area Harvested,Hectares,18210.9
2016,Total Mustard,Area Harvested,Hectares,147710.4
2016,Large Green Lentils,Area Harvested,Hectares,416826.6
2016,Small Green Lentils,Area Harvested,Hectares,141640.1
2016,Red Lentils,Area Harvested,Hectares,1517572.5
2016,Other Lentils,Area Harvested,Hectares,20234.3
2016,Total Lentils,Area Harvested,Hectares,2096273.5
2016,Green Peas,Area Harvested,Hectares,151757.2
2016,Yellow Peas,Area Harvested,Hectares,702130.2
2016,Other Peas,Area Harvested,Hectares,16187.4
2016,Total Peas,Area Harvested,Hectares,870074.9
2016,Desi Chickpeas,Area Harvested,Hectares,4046.9
2016,Kabuli Chickpeas,Area Harvested,Hectares,36421.7
2016,Total Chickpeas,Area Harvested,Hectares,40468.6
2016,Hairless Canary Seed,Area Harvested,Hectares,31970.2
2016,Regular Canary Seed,Area Harvested,Hectares,62726.3
2016,Total Canary Seed,Area Harvested,Hectares,94696.5
2016,Soybeans,Area Harvested,Hectares,93077.8
2016,Triticale,Area Harvested,Hectares,18210.9
2016,Fall Rye,Area Harvested,Hectares,48562.3
2016,Faba Beans,Area Harvested,Hectares,18615.6
2016,Hemp,Area Harvested,Hectares,7284.3
2016,Dry Beans,Area Harvested,Hectares,2751.9
2016,Coriander,Area Harvested,Hectares,2509.1
2016,Borage,Area Harvested,Hectares,768.9
2016,Caraway,Area Harvested,Hectares,2104.4
2016,Buckwheat,Area Harvested,Hectares,768.9
2016,Fenugreek,Area Harvested,Hectares,1537.8
2015,Oriental Mustard,Area Harvested,Hectares,9024.5
2015,Yellow Mustard,Area Harvested,Hectares,22095.9
2015,Brown Mustard,Area Harvested,Hectares,8174.7
2015,Total Mustard,Area Harvested,Hectares,39295
2015,Large Green Lentils,Area Harvested,Hectares,122012.8
2015,Small Green Lentils,Area Harvested,Hectares,42573
2015,Red Lentils,Area Harvested,Hectares,433175.9
2015,Other Lentils,Area Harvested,Hectares,4896.7
2015,Total Lentils,Area Harvested,Hectares,602658.4
2015,Green Peas,Area Harvested,Hectares,76971.3
2015,Yellow Peas,Area Harvested,Hectares,261224.8
2015,Other Peas,Area Harvested,Hectares,8174.7
2015,Total Peas,Area Harvested,Hectares,346370.7
2015,Desi Chickpeas,Area Harvested,Hectares,2428.1
2015,Kabuli Chickpeas,Area Harvested,Hectares,16389.8
2015,Total Chickpeas,Area Harvested,Hectares,18817.9
2015,Hairless Canary Seed,Area Harvested,Hectares,48562.3
2015,Regular Canary Seed,Area Harvested,Hectares,78913.8
2015,Total Canary Seed,Area Harvested,Hectares,127476.1
2014,Brown Mustard,Area Harvested,Hectares,38445.2
2014,Yellow Mustard,Area Harvested,Hectares,74866.9
2014,Oriental Mustard,Area Harvested,Hectares,28328
2014,Total Mustard,Area Harvested,Hectares,141640.1
2014,Large Green Lentils,Area Harvested,Hectares,263045.9
2014,Small Green Lentils,Area Harvested,Hectares,82151.3
2014,Red Lentils,Area Harvested,Hectares,772950.3
2014,Other Lentils,Area Harvested,Hectares,21043.7
2014,Total Lentils,Area Harvested,Hectares,1139191.1
2014,Green Peas,Area Harvested,Hectares,216507
2014,Yellow Peas,Area Harvested,Hectares,732481.7
2014,Other Peas,Area Harvested,Hectares,18210.9
2014,Total Peas,Area Harvested,Hectares,967199.5
2014,Desi Chickpeas,Area Harvested,Hectares,21448.4
2014,Kabuli Chickpeas,Area Harvested,Hectares,44515.5
2014,Total Chickpeas,Area Harvested,Hectares,65963.8
2014,Hairless Canary Seed,Area Harvested,Hectares,35612.4
2014,Regular Canary Seed,Area Harvested,Hectares,71629.4
2014,Total Canary Seed,Area Harvested,Hectares,107241.8
2014,Soybeans,Area Harvested,Hectares,105218.4
2014,Triticale,Area Harvested,Hectares,6879.7
2013,Brown Mustard,Area Harvested,Hectares,40468.6
2013,Yellow Mustard,Area Harvested,Hectares,52609.2
2013,Oriental Mustard,Area Harvested,Hectares,15378.1
2013,Total Mustard,Area Harvested,Hectares,108455.8
2013,Large Green Lentils,Area Harvested,Hectares,382428.3
2013,Small Green Lentils,Area Harvested,Hectares,111288.6
2013,Red Lentils,Area Harvested,Hectares,503834.1
2013,Other Lentils,Area Harvested,Hectares,18210.9
2013,Total Lentils,Area Harvested,Hectares,1015761.9
2013,Green Peas,Area Harvested,Hectares,139616.7
2013,Yellow Peas,Area Harvested,Hectares,746645.7
2013,Other Peas,Area Harvested,Hectares,16187.4
2013,Total Peas,Area Harvested,Hectares,902449.8
2013,Desi Chickpeas,Area Harvested,Hectares,18210.9
2013,Kabuli Chickpeas,Area Harvested,Hectares,53823.2
2013,Total Chickpeas,Area Harvested,Hectares,72034.1
2013,Hairless Canary Seed,Area Harvested,Hectares,28328
2013,Regular Canary Seed,Area Harvested,Hectares,56656
2013,Total Canary Seed,Area Harvested,Hectares,84984.1
2013,Soybeans,Area Harvested,Hectares,64749.8
2013,Triticale,Area Harvested,Hectares,6070.3
2012,Brown Mustard,Area Harvested,Hectares,26304.6
2012,Yellow Mustard,Area Harvested,Hectares,52609.2
2012,Oriental Mustard,Area Harvested,Hectares,18210.9
2012,Total Mustard,Area Harvested,Hectares,97124.6
2012,Large Green Lentils,Area Harvested,Hectares,481576.3
2012,Small Green Lentils,Area Harvested,Hectares,104409
2012,Red Lentils,Area Harvested,Hectares,356123.7
2012,Other Lentils,Area Harvested,Hectares,28328
2012,Total Lentils,Area Harvested,Hectares,970437
2012,Green Peas,Area Harvested,Hectares,128285.5
2012,Yellow Peas,Area Harvested,Hectares,886262.3
2012,Other Peas,Area Harvested,Hectares,9307.8
2012,Total Peas,Area Harvested,Hectares,1023855.6
2012,Desi Chickpeas,Area Harvested,Hectares,8093.7
2012,Kabuli Chickpeas,Area Harvested,Hectares,63940.4
2012,Total Chickpeas,Area Harvested,Hectares,72034.1
2012,Hairless Canary Seed,Area Harvested,Hectares,48562.3
2012,Regular Canary Seed,Area Harvested,Hectares,82960.6
2012,Total Canary Seed,Area Harvested,Hectares,131522.9
2012,Triticale,Area Harvested,Hectares,6070.3
2011,Brown Mustard,Area Harvested,Hectares,36421.7
2011,Yellow Mustard,Area Harvested,Hectares,38445.2
2011,Oriental Mustard,Area Harvested,Hectares,28328
2011,Total Mustard,Area Harvested,Hectares,103194.9
2011,Large Green Lentils,Area Harvested,Hectares,398615.7
2011,Small Green Lentils,Area Harvested,Hectares,78913.8
2011,Red Lentils,Area Harvested,Hectares,455271.8
2011,Other Lentils,Area Harvested,Hectares,22257.7
2011,Total Lentils,Area Harvested,Hectares,955059
2011,Green Peas,Area Harvested,Hectares,105218.4
2011,Yellow Peas,Area Harvested,Hectares,568583.8
2011,Other Peas,Area Harvested,Hectares,8093.7
2011,Total Peas,Area Harvested,Hectares,681895.9
2011,Kabuli Chickpeas,Area Harvested,Hectares,25495.2
2011,Total Chickpeas,Area Harvested,Hectares,41682.7
2011,Hairless Canary Seed,Area Harvested,Hectares,42492
2011,Regular Canary Seed,Area Harvested,Hectares,66773.2
2011,Total Canary Seed,Area Harvested,Hectares,109265.2
2011,Triticale,Area Harvested,Hectares,6070.3
2010,Brown Mustard,Area Harvested,Hectares,26304.6
2010,Yellow Mustard,Area Harvested,Hectares,76890.3
2010,Oriental Mustard,Area Harvested,Hectares,38445.2
2010,Total Mustard,Area Harvested,Hectares,141640.1
2010,Large Green Lentils,Area Harvested,Hectares,455271.8
2010,Small Green Lentils,Area Harvested,Hectares,91054.3
2010,Red Lentils,Area Harvested,Hectares,712247.4
2010,Other Lentils,Area Harvested,Hectares,22257.7
2010,Total Lentils,Area Harvested,Hectares,1280831.2
2010,Green Peas,Area Harvested,Hectares,149733.8
2010,Yellow Peas,Area Harvested,Hectares,813418.9
2010,Other Peas,Area Harvested,Hectares,22257.7
2010,Total Peas,Area Harvested,Hectares,985410.4
2010,Desi Chickpeas,Area Harvested,Hectares,56656
2010,Kabuli Chickpeas,Area Harvested,Hectares,76890.3
2010,Other Chickpeas,Area Harvested,Hectares,68796.6
2010,Total Chickpeas,Area Harvested,Hectares,74866.9
2010,Hairless Canary Seed,Area Harvested,Hectares,143663.5
2010,Regular Canary Seed,Area Harvested,Hectares,12140.6
2009,Brown Mustard,Area Harvested,Hectares,36421.7
2009,Yellow Mustard,Area Harvested,Hectares,91054.3
2009,Oriental Mustard,Area Harvested,Hectares,34398.3
2009,Total Mustard,Area Harvested,Hectares,161874.4
2009,Large Green Lentils,Area Harvested,Hectares,327795.7
2009,Small Green Lentils,Area Harvested,Hectares,101171.5
2009,Red Lentils,Area Harvested,Hectares,493716.9
2009,Other Lentils,Area Harvested,Hectares,22257.7
2009,Total Lentils,Area Harvested,Hectares,944941.8
2009,Green Peas,Area Harvested,Hectares,182108.7
2009,Yellow Peas,Area Harvested,Hectares,955059
2009,Other Peas,Area Harvested,Hectares,12140.6
2009,Total Peas,Area Harvested,Hectares,1149308.2
2009,Desi Chickpeas,Area Harvested,Hectares,20234.3
2009,Kabuli Chickpeas,Area Harvested,Hectares,30351.4
2009,Other Chickpeas,Area Harvested,Hectares,34398.3
2009,Total Chickpeas,Area Harvested,Hectares,68796.6
2009,Hairless Canary Seed,Area Harvested,Hectares,103194.9
2009,Regular Canary Seed,Area Harvested,Hectares,8093.7
2009,Total Canary Seed,Area Harvested,Hectares,2397764.5
2008,Brown Mustard,Area Harvested,Hectares,60702.9
2008,Yellow Mustard,Area Harvested,Hectares,64749.8
2008,Oriental Mustard,Area Harvested,Hectares,18210.9
2008,Total Mustard,Area Harvested,Hectares,143663.5
2008,Large Green Lentils,Area Harvested,Hectares,273163
2008,Small Green Lentils,Area Harvested,Hectares,72843.5
2008,Red Lentils,Area Harvested,Hectares,335889.4
2008,Other Lentils,Area Harvested,Hectares,18210.9
2008,Total Lentils,Area Harvested,Hectares,700106.8
2008,Green Peas,Area Harvested,Hectares,180085.3
2008,Yellow Peas,Area Harvested,Hectares,1064324.2
2008,Other Peas,Area Harvested,Hectares,10117.1
2008,Total Peas,Area Harvested,Hectares,1254526.6
2008,Desi Chickpeas,Area Harvested,Hectares,36421.7
2008,Kabuli Chickpeas,Area Harvested,Hectares,42492
2008,Other Chickpeas,Area Harvested,Hectares,52609.2
2008,Total Chickpeas,Area Harvested,Hectares,101171.5
2008,Hairless Canary Seed,Area Harvested,Hectares,153780.7
2008,Regular Canary Seed,Area Harvested,Hectares,10117.1
2007,Brown Mustard,Area Harvested,Hectares,44515.5
2007,Yellow Mustard,Area Harvested,Hectares,87007.5
2007,Oriental Mustard,Area Harvested,Hectares,20234.3
2007,Total Mustard,Area Harvested,Hectares,151757.2
2007,Large Green Lentils,Area Harvested,Hectares,242811.6
2007,Small Green Lentils,Area Harvested,Hectares,109265.2
2007,Red Lentils,Area Harvested,Hectares,204366.4
2007,Other Lentils,Area Harvested,Hectares,20234.3
2007,Total Lentils,Area Harvested,Hectares,576677.5
2007,Green Peas,Area Harvested,Hectares,210436.7
2007,Yellow Peas,Area Harvested,Hectares,930777.8
2007,Other Peas,Area Harvested,Hectares,22257.7
2007,Total Peas,Area Harvested,Hectares,1163472.2
2007,Desi Chickpeas,Area Harvested,Hectares,28328
2007,Kabuli Chickpeas,Area Harvested,Hectares,93077.8
2007,Other Chickpeas,Area Harvested,Hectares,32374.9
2007,Total Chickpeas,Area Harvested,Hectares,153780.7
2007,Hairless Canary Seed,Area Harvested,Hectares,60702.9
2007,Regular Canary Seed,Area Harvested,Hectares,107241.8
2007,Total Canary Seed,Area Harvested,Hectares,167944.7
2007,Triticale,Area Harvested,Hectares,12950
2007,Sunflower Seed,Area Harvested,Hectares,4046.9
2006,Brown Mustard,Area Harvested,Hectares,30351.4
2006,Yellow Mustard,Area Harvested,Hectares,59893.5
2006,Oriental Mustard,Area Harvested,Hectares,14973.4
2006,Total Mustard,Area Harvested,Hectares,105218.4
2006,Large Green Lentils,Area Harvested,Hectares,211246.1
2006,Small Green Lentils,Area Harvested,Hectares,96315.3
2006,Red Lentils,Area Harvested,Hectares,177252.5
2006,Other Lentils,Area Harvested,Hectares,19020.2
2006,Total Lentils,Area Harvested,Hectares,503834.1
2006,Green Peas,Area Harvested,Hectares,174419.7
2006,Yellow Peas,Area Harvested,Hectares,768903.4
2006,Other Peas,Area Harvested,Hectares,19829.6
2006,Total Peas,Area Harvested,Hectares,963152.7
2006,Desi Chickpeas,Area Harvested,Hectares,20234.3
2006,Kabuli Chickpeas,Area Harvested,Hectares,67582.6
2006,Other Chickpeas,Area Harvested,Hectares,23471.8
2006,Total Chickpeas,Area Harvested,Hectares,111288.6
2006,Hairless Canary Seed,Area Harvested,Hectares,46538.9
2006,Regular Canary Seed,Area Harvested,Hectares,80937.2
2006,Total Canary Seed,Area Harvested,Hectares,127476.1
2006,Triticale,Area Harvested,Hectares,6070.3
2021,Oriental Mustard,Yield,kg/ha,190.1
2021,Yellow Mustard,Yield,kg/ha,174.2
2021,Brown Mustard,Yield,kg/ha,175.1
2021,Total Mustard,Yield,kg/ha,176.4
2021,Large Green Lentils,Yield,kg/ha,327.5
2021,Small Green Lentils,Yield,kg/ha,449.1
2021,Red Lentils,Yield,kg/ha,394.6
2021,Other Lentils,Yield,kg/ha,203.2
2021,Total Lentils,Yield,kg/ha,384.6
2021,Green Peas,Yield,kg/ha,623.2
2021,Yellow Peas,Yield,kg/ha,537.1
2021,Other Peas,Yield,kg/ha,479
2021,Total Peas,Yield,kg/ha,549.8
2021,Kabuli Chickpeas,Yield,kg/ha,450.9
2021,Desi Chickpeas,Yield,kg/ha,393.7
2021,Total Chickpeas,Yield,kg/ha,444.5
2021,Hairless Canary Seed,Yield,kg/ha,249
2021,Regular Canary Seed,Yield,kg/ha,406.9
2021,Total Canary Seed,Yield,kg/ha,346.5
2021,Soybeans,Yield,kg/ha,598.7
2021,Triticale,Yield,kg/ha,614.6
2021,Fall Rye,Yield,kg/ha,982.9
2021,Faba Beans,Yield,kg/ha,401.9
2021,Hemp,Yield,kg/ha,361.1
2021,Dry Beans,Yield,kg/ha,1230.6
2020,Oriental Mustard,Yield,kg/ha,466.3
2020,Yellow Mustard,Yield,kg/ha,344.3
2020,Brown Mustard,Yield,kg/ha,382.8
2020,Total Mustard,Yield,kg/ha,366.5
2020,Large Green Lentils,Yield,kg/ha,611
2020,Small Green Lentils,Yield,kg/ha,705.8
2020,Red Lentils,Yield,kg/ha,674
2020,Other Lentils,Yield,kg/ha,490.8
2020,Total Lentils,Yield,kg/ha,658.2
2020,Green Peas,Yield,kg/ha,1083.6
2020,Yellow Peas,Yield,kg/ha,1078.2
2020,Other Peas,Yield,kg/ha,970.7
2020,Total Peas,Yield,kg/ha,1074.6
2020,Desi Chickpeas,Yield,kg/ha,784.3
2020,Kabuli Chickpeas,Yield,kg/ha,697.6
2020,Other Chickpeas,Yield,kg/ha,499.9
2020,Total Chickpeas,Yield,kg/ha,706.7
2020,Hairless Canary Seed,Yield,kg/ha,660.4
2020,Regular Canary Seed,Yield,kg/ha,649.5
2020,Total Canary Seed,Yield,kg/ha,653.2
2020,Soybeans,Yield,kg/ha,544.8
2020,Triticale,Yield,kg/ha,689.5
2020,Fall Rye,Yield,kg/ha,1041.9
2020,Faba Beans,Yield,kg/ha,1279.1
2020,Hemp,Yield,kg/ha,435.4
2020,Dry Beans,Yield,kg/ha,1005.6
2020,Sunflower Seed,Yield,kg/ha,549.3
2020,Buckwheat,Yield,kg/ha,325.7
2019,Oriental Mustard,Yield,kg/ha,450.9
2019,Yellow Mustard,Yield,kg/ha,317.5
2019,Brown Mustard,Yield,kg/ha,394.2
2019,Total Mustard,Yield,kg/ha,378.3
2019,Large Green Lentils,Yield,kg/ha,564.7
2019,Small Green Lentils,Yield,kg/ha,665.9
2019,Red Lentils,Yield,kg/ha,617.3
2019,Other Lentils,Yield,kg/ha,458.1
2019,Total Lentils,Yield,kg/ha,712.1
2019,Green Peas,Yield,kg/ha,1007
2019,Yellow Peas,Yield,kg/ha,1015.1
2019,Other Peas,Yield,kg/ha,884.5
2019,Total Peas,Yield,kg/ha,1007
2019,Desi Chickpeas,Yield,kg/ha,893.6
2019,Kabuli Chickpeas,Yield,kg/ha,677.7
2019,Other Chickpeas,Yield,kg/ha,748.9
2019,Total Chickpeas,Yield,kg/ha,690.4
2019,Hairless Canary Seed,Yield,kg/ha,500.3
2019,Regular Canary Seed,Yield,kg/ha,533
2019,Total Canary Seed,Yield,kg/ha,592.8
2019,Soybeans,Yield,kg/ha,770.2
2019,Triticale,Yield,kg/ha,910.8
2019,Fall Rye,Yield,kg/ha,1196.6
2019,Sunflower Seed,Yield,kg/ha,549.3
2019,Faba Beans,Yield,kg/ha,1306.3
2019,Dry Beans,Yield,kg/ha,1056.9
2019,Quinoa,Yield,kg/ha,455.9
2018,Oriental Mustard,Yield,kg/ha,374.7
2018,Yellow Mustard,Yield,kg/ha,353.8
2018,Brown Mustard,Yield,kg/ha,381.9
2018,Total Mustard,Yield,kg/ha,369.7
2018,Large Green Lentils,Yield,kg/ha,503
2018,Small Green Lentils,Yield,kg/ha,614.6
2018,Red Lentils,Yield,kg/ha,619.2
2018,Other Lentils,Yield,kg/ha,464
2018,Total Lentils,Yield,kg/ha,576.1
2018,Green Peas,Yield,kg/ha,1004.3
2018,Yellow Peas,Yield,kg/ha,936.2
2018,Other Peas,Yield,kg/ha,743
2018,Total Peas,Yield,kg/ha,938.9
2018,Desi Chickpeas,Yield,kg/ha,752.5
2018,Kabuli Chickpeas,Yield,kg/ha,768.8
2018,Other Chickpeas,Yield,kg/ha,581.5
2018,Total Chickpeas,Yield,kg/ha,766.1
2018,Total Canary Seed,Yield,kg/ha,589.7
2018,Soybeans,Yield,kg/ha,9.5
2018,Triticale,Yield,kg/ha,19.1
2018,Fall Rye,Yield,kg/ha,15.5
2018,Sunflower Seed,Yield,kg/ha,612.3
2018,Faba Beans,Yield,kg/ha,11.7
2018,Dry Beans,Yield,kg/ha,11.2
2017,Oriental Mustard,Yield,kg/ha,403.2
2017,Yellow Mustard,Yield,kg/ha,289.8
2017,Brown Mustard,Yield,kg/ha,335.7
2017,Total Mustard,Yield,kg/ha,331.1
2017,Large Green Lentils,Yield,kg/ha,504.4
2017,Small Green Lentils,Yield,kg/ha,542.9
2017,Other Lentils,Yield,kg/ha,349.3
2017,Red Lentils,Yield,kg/ha,630
2017,Total Lentils,Yield,kg/ha,588.3
2017,Green Peas,Yield,kg/ha,925.3
2017,Yellow Peas,Yield,kg/ha,922.6
2017,Other Peas,Yield,kg/ha,884.5
2017,Total Peas,Yield,kg/ha,919.9
2017,Desi Chickpeas,Yield,kg/ha,480
2017,Kabuli Chickpeas,Yield,kg/ha,544.3
2017,Total Chickpeas,Yield,kg/ha,538
2017,Total Canary Seed,Yield,kg/ha,538.4
2017,Soybeans,Yield,kg/ha,628.1
2017,Fall Rye,Yield,kg/ha,1284.1
2017,Faba Beans,Yield,kg/ha,922.1
2016,Oriental Mustard,Yield,kg/ha,531.6
2016,Yellow Mustard,Yield,kg/ha,394.2
2016,Brown Mustard,Yield,kg/ha,513.9
2016,Total Mustard,Yield,kg/ha,444.5
2016,Large Green Lentils,Yield,kg/ha,479.9
2016,Small Green Lentils,Yield,kg/ha,583.3
2016,Red Lentils,Yield,kg/ha,538.9
2016,Other Lentils,Yield,kg/ha,453.6
2016,Total Lentils,Yield,kg/ha,529.3
2016,Green Peas,Yield,kg/ha,977
2016,Yellow Peas,Yield,kg/ha,1124
2016,Other Peas,Yield,kg/ha,718.5
2016,Total Peas,Yield,kg/ha,1091.3
2016,Desi Chickpeas,Yield,kg/ha,760
2016,Kabuli Chickpeas,Yield,kg/ha,751.1
2016,Total Chickpeas,Yield,kg/ha,752.1
2016,Hairless Canary Seed,Yield,kg/ha,527.1
2016,Regular Canary Seed,Yield,kg/ha,636.8
2016,Total Canary Seed,Yield,kg/ha,599.6
2016,Soybeans,Yield,kg/ha,740
2016,Triticale,Yield,kg/ha,846.7
2016,Fall Rye,Yield,kg/ha,1274.2
2016,Faba Beans,Yield,kg/ha,816.5
2015,Oriental Mustard,Yield,kg/ha,544.3
2015,Yellow Mustard,Yield,kg/ha,362.9
2015,Brown Mustard,Yield,kg/ha,499
2015,Total Mustard,Yield,kg/ha,426.4
2015,Large Green Lentils,Yield,kg/ha,635
2015,Small Green Lentils,Yield,kg/ha,680.4
2015,Red Lentils,Yield,kg/ha,680.4
2015,Other Lentils,Yield,kg/ha,544.3
2015,Total Lentils,Yield,kg/ha,680.4
2015,Green Peas,Yield,kg/ha,952.5
2015,Yellow Peas,Yield,kg/ha,952.5
2015,Other Peas,Yield,kg/ha,816.5
2015,Total Peas,Yield,kg/ha,952.5
2015,Desi Chickpeas,Yield,kg/ha,1338.1
2015,Kabuli Chickpeas,Yield,kg/ha,816.5
2015,Total Chickpeas,Yield,kg/ha,816.5
2015,Hairless Canary Seed,Yield,kg/ha,425.5
2015,Regular Canary Seed,Yield,kg/ha,500.8
2015,Total Canary Seed,Yield,kg/ha,471.7
2014,Brown Mustard,Yield,kg/ha,482.6
2014,Yellow Mustard,Yield,kg/ha,318.9
2014,Oriental Mustard,Yield,kg/ha,481.7
2014,Total Mustard,Yield,kg/ha,396
2014,Large Green Lentils,Yield,kg/ha,610.1
2014,Small Green Lentils,Yield,kg/ha,588.3
2014,Red Lentils,Yield,kg/ha,634.1
2014,Other Lentils,Yield,kg/ha,495.3
2014,Total Lentils,Yield,kg/ha,622.8
2014,Green Peas,Yield,kg/ha,829.2
2014,Yellow Peas,Yield,kg/ha,873.6
2014,Other Peas,Yield,kg/ha,802.4
2014,Total Peas,Yield,kg/ha,862.3
2014,Desi Chickpeas,Yield,kg/ha,947.1
2014,Kabuli Chickpeas,Yield,kg/ha,662.2
2014,Total Chickpeas,Yield,kg/ha,754.8
2014,Hairless Canary Seed,Yield,kg/ha,445.4
2014,Regular Canary Seed,Yield,kg/ha,484
2014,Total Canary Seed,Yield,kg/ha,471.3
2014,Soybeans,Yield,kg/ha,628.2
2014,Triticale,Yield,kg/ha,958.9
2013,Brown Mustard,Yield,kg/ha,477.6
2013,Yellow Mustard,Yield,kg/ha,396.4
2013,Oriental Mustard,Yield,kg/ha,473.6
2013,Total Mustard,Yield,kg/ha,437.7
2013,Large Green Lentils,Yield,kg/ha,780.2
2013,Small Green Lentils,Yield,kg/ha,762
2013,Red Lentils,Yield,kg/ha,874.5
2013,Other Lentils,Yield,kg/ha,735.7
2013,Total Lentils,Yield,kg/ha,824.2
2013,Green Peas,Yield,kg/ha,1112.2
2013,Yellow Peas,Yield,kg/ha,1158.9
2013,Other Peas,Yield,kg/ha,1257.4
2013,Total Peas,Yield,kg/ha,1153.5
2013,Desi Chickpeas,Yield,kg/ha,884.5
2013,Kabuli Chickpeas,Yield,kg/ha,974.3
2013,Total Chickpeas,Yield,kg/ha,951.6
2013,Hairless Canary Seed,Yield,kg/ha,555.7
2013,Regular Canary Seed,Yield,kg/ha,657.7
2013,Total Canary Seed,Yield,kg/ha,623.7
2013,Soybeans,Yield,kg/ha,739.8
2013,Triticale,Yield,kg/ha,846.9
2012,Brown Mustard,Yield,kg/ha,386
2012,Yellow Mustard,Yield,kg/ha,307.1
2012,Oriental Mustard,Yield,kg/ha,393.3
2012,Total Mustard,Yield,kg/ha,344.7
2012,Large Green Lentils,Yield,kg/ha,601
2012,Small Green Lentils,Yield,kg/ha,648.6
2012,Red Lentils,Yield,kg/ha,623.7
2012,Other Lentils,Yield,kg/ha,548.8
2012,Total Lentils,Yield,kg/ha,612.3
2012,Green Peas,Yield,kg/ha,816
2012,Yellow Peas,Yield,kg/ha,817.4
2012,Other Peas,Yield,kg/ha,834.6
2012,Total Peas,Yield,kg/ha,817.4
2012,Desi Chickpeas,Yield,kg/ha,865
2012,Kabuli Chickpeas,Yield,kg/ha,809.7
2012,Total Chickpeas,Yield,kg/ha,816.5
2012,Hairless Canary Seed,Yield,kg/ha,453.6
2012,Regular Canary Seed,Yield,kg/ha,464.9
2012,Total Canary Seed,Yield,kg/ha,438.2
2012,Triticale,Yield,kg/ha,1100
2011,Brown Mustard,Yield,kg/ha,432.3
2011,Yellow Mustard,Yield,kg/ha,359.7
2011,Oriental Mustard,Yield,kg/ha,430
2011,Total Mustard,Yield,kg/ha,404.6
2011,Large Green Lentils,Yield,kg/ha,590.6
2011,Small Green Lentils,Yield,kg/ha,577.4
2011,Red Lentils,Yield,kg/ha,651.4
2011,Other Lentils,Yield,kg/ha,507.1
2011,Total Lentils,Yield,kg/ha,616.4
2011,Green Peas,Yield,kg/ha,887.2
2011,Yellow Peas,Yield,kg/ha,1015.1
2011,Other Peas,Yield,kg/ha,715.8
2011,Total Peas,Yield,kg/ha,990.6
2011,Kabuli Chickpeas,Yield,kg/ha,745.3
2011,Total Chickpeas,Yield,kg/ha,730.3
2011,Hairless Canary Seed,Yield,kg/ha,466.7
2011,Regular Canary Seed,Yield,kg/ha,482.6
2011,Total Canary Seed,Yield,kg/ha,476.3
2011,Triticale,Yield,kg/ha,679.9
2010,Brown Mustard,Yield,kg/ha,396.9
2010,Yellow Mustard,Yield,kg/ha,373.3
2010,Oriental Mustard,Yield,kg/ha,396
2010,Total Mustard,Yield,kg/ha,383.7
2010,Large Green Lentils,Yield,kg/ha,595.1
2010,Small Green Lentils,Yield,kg/ha,620.1
2010,Red Lentils,Yield,kg/ha,567
2010,Other Lentils,Yield,kg/ha,599.6
2010,Total Lentils,Yield,kg/ha,581.5
2010,Green Peas,Yield,kg/ha,861.8
2010,Yellow Peas,Yield,kg/ha,801
2010,Other Peas,Yield,kg/ha,805.6
2010,Total Peas,Yield,kg/ha,810.1
2010,Desi Chickpeas,Yield,kg/ha,677.7
2010,Kabuli Chickpeas,Yield,kg/ha,675.4
2010,Other Chickpeas,Yield,kg/ha,472.2
2010,Total Chickpeas,Yield,kg/ha,340.2
2010,Hairless Canary Seed,Yield,kg/ha,367.9
2010,Regular Canary Seed,Yield,kg/ha,929.9
2009,Brown Mustard,Yield,kg/ha,407.3
2009,Yellow Mustard,Yield,kg/ha,376.5
2009,Oriental Mustard,Yield,kg/ha,461.3
2009,Total Mustard,Yield,kg/ha,401.4
2009,Large Green Lentils,Yield,kg/ha,630.5
2009,Small Green Lentils,Yield,kg/ha,684.9
2009,Red Lentils,Yield,kg/ha,626.4
2009,Other Lentils,Yield,kg/ha,621
2009,Total Lentils,Yield,kg/ha,633.7
2009,Green Peas,Yield,kg/ha,974.3
2009,Yellow Peas,Yield,kg/ha,911.7
2009,Other Peas,Yield,kg/ha,816.5
2009,Total Peas,Yield,kg/ha,919.9
2009,Desi Chickpeas,Yield,kg/ha,760.7
2009,Kabuli Chickpeas,Yield,kg/ha,766.1
2009,Other Chickpeas,Yield,kg/ha,422.7
2009,Total Chickpeas,Yield,kg/ha,579.7
2009,Hairless Canary Seed,Yield,kg/ha,527.5
2009,Regular Canary Seed,Yield,kg/ha,863.6
2008,Brown Mustard,Yield,kg/ha,344.7
2008,Yellow Mustard,Yield,kg/ha,344.3
2008,Oriental Mustard,Yield,kg/ha,386
2008,Total Mustard,Yield,kg/ha,349.3
2008,Large Green Lentils,Yield,kg/ha,596.9
2008,Small Green Lentils,Yield,kg/ha,604.6
2008,Red Lentils,Yield,kg/ha,611.9
2008,Other Lentils,Yield,kg/ha,525.3
2008,Total Lentils,Yield,kg/ha,603.3
2008,Green Peas,Yield,kg/ha,941.7
2008,Yellow Peas,Yield,kg/ha,873.6
2008,Other Peas,Yield,kg/ha,707.6
2008,Total Peas,Yield,kg/ha,881.8
2008,Desi Chickpeas,Yield,kg/ha,632.3
2008,Kabuli Chickpeas,Yield,kg/ha,639.1
2008,Other Chickpeas,Yield,kg/ha,462.7
2008,Total Chickpeas,Yield,kg/ha,498
2008,Hairless Canary Seed,Yield,kg/ha,485.8
2008,Regular Canary Seed,Yield,kg/ha,741.6
2007,Brown Mustard,Yield,kg/ha,303.9
2007,Yellow Mustard,Yield,kg/ha,227.2
2007,Oriental Mustard,Yield,kg/ha,260.8
2007,Total Mustard,Yield,kg/ha,254
2007,Large Green Lentils,Yield,kg/ha,503
2007,Small Green Lentils,Yield,kg/ha,597.8
2007,Red Lentils,Yield,kg/ha,489.4
2007,Other Lentils,Yield,kg/ha,472.2
2007,Total Lentils,Yield,kg/ha,515.3
2007,Green Peas,Yield,kg/ha,835.5
2007,Yellow Peas,Yield,kg/ha,800.1
2007,Other Peas,Yield,kg/ha,647.7
2007,Total Peas,Yield,kg/ha,802.9
2007,Desi Chickpeas,Yield,kg/ha,447.2
2007,Kabuli Chickpeas,Yield,kg/ha,521.6
2007,Other Chickpeas,Yield,kg/ha,584.7
2007,Total Chickpeas,Yield,kg/ha,521.2
2007,Hairless Canary Seed,Yield,kg/ha,352
2007,Regular Canary Seed,Yield,kg/ha,388.3
2007,Total Canary Seed,Yield,kg/ha,375.1
2007,Triticale,Yield,kg/ha,911.7
2007,Sunflower Seed,Yield,kg/ha,499
2006,Brown Mustard,Yield,kg/ha,383.3
2006,Yellow Mustard,Yield,kg/ha,282.1
2006,Oriental Mustard,Yield,kg/ha,326.6
2006,Total Mustard,Yield,kg/ha,317.5
2006,Large Green Lentils,Yield,kg/ha,479.9
2006,Small Green Lentils,Yield,kg/ha,570.6
2006,Red Lentils,Yield,kg/ha,507.1
2006,Other Lentils,Yield,kg/ha,450
2006,Total Lentils,Yield,kg/ha,505.8
2006,Green Peas,Yield,kg/ha,813.7
2006,Yellow Peas,Yield,kg/ha,778.8
2006,Other Peas,Yield,kg/ha,631.9
2006,Total Peas,Yield,kg/ha,781.1
2006,Desi Chickpeas,Yield,kg/ha,428.2
2006,Kabuli Chickpeas,Yield,kg/ha,499
2006,Other Chickpeas,Yield,kg/ha,559.7
2006,Total Chickpeas,Yield,kg/ha,499
2006,Hairless Canary Seed,Yield,kg/ha,384.6
2006,Regular Canary Seed,Yield,kg/ha,424.6
2006,Total Canary Seed,Yield,kg/ha,410
2006,Triticale,Yield,kg/ha,738.4
2021,Oriental Mustard,Production,Tonnes,5000
2021,Yellow Mustard,Production,Tonnes,17300
2021,Brown Mustard,Production,Tonnes,15700
2021,Total Mustard,Production,Tonnes,38000
2021,Large Green Lentils,Production,Tonnes,213600
2021,Small Green Lentils,Production,Tonnes,132000
2021,Red Lentils,Production,Tonnes,1079500
2021,Other Lentils,Production,Tonnes,9200
2021,Total Lentils,Production,Tonnes,1434400
2021,Green Peas,Production,Tonnes,215900
2021,Yellow Peas,Production,Tonnes,856900
2021,Other Peas,Production,Tonnes,33000
2021,Total Peas,Production,Tonnes,1105800
2021,Kabuli Chickpeas,Production,Tonnes,55800
2021,Desi Chickpeas,Production,Tonnes,6100
2021,Total Chickpeas,Production,Tonnes,61900
2021,Hairless Canary Seed,Production,Tonnes,27700
2021,Regular Canary Seed,Production,Tonnes,73000
2021,Total Canary Seed,Production,Tonnes,100700
2021,Soybeans,Production,Tonnes,50900
2021,Triticale,Production,Tonnes,12600
2021,Fall Rye,Production,Tonnes,68700
2021,Faba Beans,Production,Tonnes,27900
2021,Hemp,Production,Tonnes,6100
2021,Dry Beans,Production,Tonnes,16000
2020,Oriental Mustard,Production,Tonnes,6200
2020,Yellow Mustard,Production,Tonnes,34000
2020,Brown Mustard,Production,Tonnes,21700
2020,Total Mustard,Production,Tonnes,61900
2020,Large Green Lentils,Production,Tonnes,549400
2020,Small Green Lentils,Production,Tonnes,180100
2020,Red Lentils,Production,Tonnes,1736200
2020,Other Lentils,Production,Tonnes,31500
2020,Total Lentils,Production,Tonnes,2497200
2020,Green Peas,Production,Tonnes,520600
2020,Yellow Peas,Production,Tonnes,1860400
2020,Other Peas,Production,Tonnes,96700
2020,Total Peas,Production,Tonnes,2477600
2020,Desi Chickpeas,Production,Tonnes,22200
2020,Kabuli Chickpeas,Production,Tonnes,154200
2020,Other Chickpeas,Production,Tonnes,700
2020,Total Chickpeas,Production,Tonnes,177100
2020,Hairless Canary Seed,Production,Tonnes,57000
2020,Regular Canary Seed,Production,Tonnes,117000
2020,Total Canary Seed,Production,Tonnes,174000
2020,Soybeans,Production,Tonnes,68800
2020,Triticale,Production,Tonnes,16200
2020,Fall Rye,Production,Tonnes,119300
2020,Faba Beans,Production,Tonnes,71500
2020,Hemp,Production,Tonnes,6400
2020,Dry Beans,Production,Tonnes,18200
2020,Sunflower Seed,Production,Tonnes,4200
2020,Buckwheat,Production,Tonnes,2800
2019,Oriental Mustard,Production,Tonnes,22100
2019,Yellow Mustard,Production,Tonnes,30100
2019,Brown Mustard,Production,Tonnes,54000
2019,Total Mustard,Production,Tonnes,106200
2019,Large Green Lentils,Production,Tonnes,483300
2019,Small Green Lentils,Production,Tonnes,232000
2019,Red Lentils,Production,Tonnes,1259400
2019,Other Lentils,Production,Tonnes,25000
2019,Total Lentils,Production,Tonnes,2209800
2019,Green Peas,Production,Tonnes,408500
2019,Yellow Peas,Production,Tonnes,1801300
2019,Other Peas,Production,Tonnes,103000
2019,Total Peas,Production,Tonnes,2313100
2019,Desi Chickpeas,Production,Tonnes,14300
2019,Kabuli Chickpeas,Production,Tonnes,203600
2019,Other Chickpeas,Production,Tonnes,6700
2019,Total Chickpeas,Production,Tonnes,224600
2019,Hairless Canary Seed,Production,Tonnes,30100
2019,Regular Canary Seed,Production,Tonnes,88700
2019,Total Canary Seed,Production,Tonnes,153000
2019,Soybeans,Production,Tonnes,107200
2019,Triticale,Production,Tonnes,34700
2019,Fall Rye,Production,Tonnes,99300
2019,Faba Beans,Production,Tonnes,61800
2019,Dry Beans,Production,Tonnes,9300
2018,Oriental Mustard,Production,Tonnes,27400
2018,Yellow Mustard,Production,Tonnes,49000
2018,Brown Mustard,Production,Tonnes,58200
2018,Total Mustard,Production,Tonnes,134600
2018,Large Green Lentils,Production,Tonnes,552400
2018,Small Green Lentils,Production,Tonnes,236200
2018,Red Lentils,Production,Tonnes,1067300
2018,Other Lentils,Production,Tonnes,36000
2018,Total Lentils,Production,Tonnes,1891800
2018,Green Peas,Production,Tonnes,322800
2018,Yellow Peas,Production,Tonnes,1386500
2018,Other Peas,Production,Tonnes,71600
2018,Total Peas,Production,Tonnes,1780700
2018,Desi Chickpeas,Production,Tonnes,10400
2018,Kabuli Chickpeas,Production,Tonnes,263600
2018,Other Chickpeas,Production,Tonnes,2400
2018,Total Chickpeas,Production,Tonnes,276500
2018,Total Canary Seed,Production,Tonnes,145600
2018,Soybeans,Production,Tonnes,231800
2018,Triticale,Production,Tonnes,23600
2018,Fall Rye,Production,Tonnes,42800
2018,Sunflower Seed,Production,Tonnes,3700
2018,Faba Beans,Production,Tonnes,40300
2018,Dry Beans,Production,Tonnes,14300
2018,Buckwheat,Production,Tonnes,1300
2017,Oriental Mustard,Production,Tonnes,32000
2017,Yellow Mustard,Production,Tonnes,39000
2017,Brown Mustard,Production,Tonnes,23500
2017,Total Mustard,Production,Tonnes,94500
2017,Large Green Lentils,Production,Tonnes,451300
2017,Small Green Lentils,Production,Tonnes,194300
2017,Other Lentils,Production,Tonnes,23400
2017,Red Lentils,Production,Tonnes,1625100
2017,Total Lentils,Production,Tonnes,2294100
2017,Green Peas,Production,Tonnes,276000
2017,Yellow Peas,Production,Tonnes,1645000
2017,Other Peas,Production,Tonnes,53100
2017,Total Peas,Production,Tonnes,1973800
2017,Desi Chickpeas,Production,Tonnes,7200
2017,Kabuli Chickpeas,Production,Tonnes,78900
2017,Total Chickpeas,Production,Tonnes,86100
2017,Total Canary Seed,Production,Tonnes,137300
2017,Soybeans,Production,Tonnes,479000
2017,Fall Rye,Production,Tonnes,113000
2017,Faba Beans,Production,Tonnes,54400
2016,Oriental Mustard,Production,Tonnes,50500
2016,Yellow Mustard,Production,Tonnes,88700
2016,Brown Mustard,Production,Tonnes,23100
2016,Total Mustard,Production,Tonnes,162300
2016,Large Green Lentils,Production,Tonnes,494400
2016,Small Green Lentils,Production,Tonnes,204100
2016,Red Lentils,Production,Tonnes,2020800
2016,Other Lentils,Production,Tonnes,22700
2016,Total Lentils,Production,Tonnes,2742000
2016,Green Peas,Production,Tonnes,366000
2016,Yellow Peas,Production,Tonnes,1951400
2016,Other Peas,Production,Tonnes,28700
2016,Total Peas,Production,Tonnes,2346100
2016,Desi Chickpeas,Production,Tonnes,7600
2016,Kabuli Chickpeas,Production,Tonnes,67600
2016,Total Chickpeas,Production,Tonnes,75200
2016,Hairless Canary Seed,Production,Tonnes,41600
2016,Regular Canary Seed,Production,Tonnes,98700
2016,Total Canary Seed,Production,Tonnes,140300
2016,Soybeans,Production,Tonnes,202500
2016,Triticale,Production,Tonnes,22900
2016,Fall Rye,Production,Tonnes,152900
2016,Faba Beans,Production,Tonnes,37600
2015,Oriental Mustard,Production,Tonnes,26800
2015,Yellow Mustard,Production,Tonnes,42500
2015,Brown Mustard,Production,Tonnes,22200
2015,Total Mustard,Production,Tonnes,91500
2015,Large Green Lentils,Production,Tonnes,409200
2015,Small Green Lentils,Production,Tonnes,153900
2015,Red Lentils,Production,Tonnes,1657100
2015,Other Lentils,Production,Tonnes,14700
2015,Total Lentils,Production,Tonnes,2234900
2015,Green Peas,Production,Tonnes,402800
2015,Yellow Peas,Production,Tonnes,1339000
2015,Other Peas,Production,Tonnes,36700
2015,Total Peas,Production,Tonnes,1778500
2015,Desi Chickpeas,Production,Tonnes,17700
2015,Kabuli Chickpeas,Production,Tonnes,65800
2015,Total Chickpeas,Production,Tonnes,83500
2015,Hairless Canary Seed,Production,Tonnes,51000
2015,Regular Canary Seed,Production,Tonnes,97600
2015,Total Canary Seed,Production,Tonnes,148600
2014,Brown Mustard,Production,Tonnes,45900
2014,Yellow Mustard,Production,Tonnes,59000
2014,Oriental Mustard,Production,Tonnes,33700
2014,Total Mustard,Production,Tonnes,138600
2014,Large Green Lentils,Production,Tonnes,396500
2014,Small Green Lentils,Production,Tonnes,119400
2014,Red Lentils,Production,Tonnes,1210900
2014,Other Lentils,Production,Tonnes,25800
2014,Total Lentils,Production,Tonnes,1752600
2014,Green Peas,Production,Tonnes,443600
2014,Yellow Peas,Production,Tonnes,1581200
2014,Other Peas,Production,Tonnes,36100
2014,Total Peas,Production,Tonnes,2060900
2014,Desi Chickpeas,Production,Tonnes,50200
2014,Kabuli Chickpeas,Production,Tonnes,72800
2014,Total Chickpeas,Production,Tonnes,123000
2014,Hairless Canary Seed,Production,Tonnes,39200
2014,Regular Canary Seed,Production,Tonnes,85700
2014,Total Canary Seed,Production,Tonnes,124900
2014,Soybeans,Production,Tonnes,163300
2014,Triticale,Production,Tonnes,16300
2013,Brown Mustard,Production,Tonnes,47800
2013,Yellow Mustard,Production,Tonnes,51500
2013,Oriental Mustard,Production,Tonnes,18000
2013,Total Mustard,Production,Tonnes,117300
2013,Large Green Lentils,Production,Tonnes,737100
2013,Small Green Lentils,Production,Tonnes,209600
2013,Red Lentils,Production,Tonnes,1088600
2013,Other Lentils,Production,Tonnes,33100
2013,Total Lentils,Production,Tonnes,2068400
2013,Green Peas,Production,Tonnes,383700
2013,Yellow Peas,Production,Tonnes,2137800
2013,Other Peas,Production,Tonnes,50300
2013,Total Peas,Production,Tonnes,2571800
2013,Desi Chickpeas,Production,Tonnes,39800
2013,Kabuli Chickpeas,Production,Tonnes,129600
2013,Total Chickpeas,Production,Tonnes,169400
2013,Hairless Canary Seed,Production,Tonnes,38900
2013,Regular Canary Seed,Production,Tonnes,92100
2013,Total Canary Seed,Production,Tonnes,131000
2013,Soybeans,Production,Tonnes,118400
2013,Triticale,Production,Tonnes,12700
2012,Brown Mustard,Production,Tonnes,25100
2012,Yellow Mustard,Production,Tonnes,39900
2012,Oriental Mustard,Production,Tonnes,17700
2012,Total Mustard,Production,Tonnes,82700
2012,Large Green Lentils,Production,Tonnes,715300
2012,Small Green Lentils,Production,Tonnes,167300
2012,Red Lentils,Production,Tonnes,548800
2012,Other Lentils,Production,Tonnes,38400
2012,Total Lentils,Production,Tonnes,1469800
2012,Green Peas,Production,Tonnes,258700
2012,Yellow Peas,Production,Tonnes,1790500
2012,Other Peas,Production,Tonnes,19200
2012,Total Peas,Production,Tonnes,2068400
2012,Desi Chickpeas,Production,Tonnes,17300
2012,Kabuli Chickpeas,Production,Tonnes,127900
2012,Total Chickpeas,Production,Tonnes,145200
2012,Hairless Canary Seed,Production,Tonnes,54400
2012,Regular Canary Seed,Production,Tonnes,95300
2012,Total Canary Seed,Production,Tonnes,149700
2012,Triticale,Production,Tonnes,16500
2011,Brown Mustard,Production,Tonnes,38900
2011,Yellow Mustard,Production,Tonnes,34200
2011,Oriental Mustard,Production,Tonnes,30100
2011,Total Mustard,Production,Tonnes,103200
2011,Large Green Lentils,Production,Tonnes,581500
2011,Small Green Lentils,Production,Tonnes,112600
2011,Red Lentils,Production,Tonnes,733000
2011,Other Lentils,Production,Tonnes,27900
2011,Total Lentils,Production,Tonnes,1455000
2011,Green Peas,Production,Tonnes,230700
2011,Yellow Peas,Production,Tonnes,1426100
2011,Other Peas,Production,Tonnes,14300
2011,Total Peas,Production,Tonnes,1671100
2011,Kabuli Chickpeas,Production,Tonnes,46900
2011,Total Chickpeas,Production,Tonnes,75200
2011,Hairless Canary Seed,Production,Tonnes,49000
2011,Regular Canary Seed,Production,Tonnes,79600
2011,Total Canary Seed,Production,Tonnes,128600
2011,Triticale,Production,Tonnes,10200
2010,Brown Mustard,Production,Tonnes,25800
2010,Yellow Mustard,Production,Tonnes,70900
2010,Oriental Mustard,Production,Tonnes,37600
2010,Total Mustard,Production,Tonnes,134300
2010,Large Green Lentils,Production,Tonnes,669600
2010,Small Green Lentils,Production,Tonnes,139600
2010,Red Lentils,Production,Tonnes,998100
2010,Other Lentils,Production,Tonnes,33000
2010,Total Lentils,Production,Tonnes,1840300
2010,Green Peas,Production,Tonnes,318900
2010,Yellow Peas,Production,Tonnes,1609900
2010,Other Peas,Production,Tonnes,44300
2010,Total Peas,Production,Tonnes,1973100
2010,Kabuli Chickpeas,Production,Tonnes,94900
2010,Total Chickpeas,Production,Tonnes,57400
2010,Hairless Canary Seed,Production,Tonnes,80300
2010,Regular Canary Seed,Production,Tonnes,62900
2010,Total Canary Seed,Production,Tonnes,143200
2010,Triticale,Production,Tonnes,27900
2009,Brown Mustard,Production,Tonnes,36700
2009,Yellow Mustard,Production,Tonnes,84700
2009,Oriental Mustard,Production,Tonnes,39200
2009,Total Mustard,Production,Tonnes,160600
2009,Large Green Lentils,Production,Tonnes,510600
2009,Small Green Lentils,Production,Tonnes,171200
2009,Red Lentils,Production,Tonnes,764100
2009,Other Lentils,Production,Tonnes,34200
2009,Total Lentils,Production,Tonnes,1480100
2009,Green Peas,Production,Tonnes,438200
2009,Yellow Peas,Production,Tonnes,2150000
2009,Other Peas,Production,Tonnes,24500
2009,Total Peas,Production,Tonnes,2612700
2009,Kabuli Chickpeas,Production,Tonnes,38000
2009,Total Chickpeas,Production,Tonnes,57400
2009,Hairless Canary Seed,Production,Tonnes,35900
2009,Regular Canary Seed,Production,Tonnes,98600
2009,Total Canary Seed,Production,Tonnes,134500
2009,Triticale,Production,Tonnes,17300
2008,Brown Mustard,Production,Tonnes,51700
2008,Yellow Mustard,Production,Tonnes,55100
2008,Oriental Mustard,Production,Tonnes,17100
2008,Total Mustard,Production,Tonnes,123900
2008,Large Green Lentils,Production,Tonnes,402900
2008,Small Green Lentils,Production,Tonnes,108800
2008,Red Lentils,Production,Tonnes,507900
2008,Other Lentils,Production,Tonnes,23600
2008,Total Lentils,Production,Tonnes,1043200
2008,Green Peas,Production,Tonnes,415000
2008,Yellow Peas,Production,Tonnes,2299700
2008,Other Peas,Production,Tonnes,17700
2008,Total Peas,Production,Tonnes,2732400
2008,Kabuli Chickpeas,Production,Tonnes,56900
2008,Total Chickpeas,Production,Tonnes,67000
2008,Hairless Canary Seed,Production,Tonnes,60100
2008,Regular Canary Seed,Production,Tonnes,124500
2008,Total Canary Seed,Production,Tonnes,184600
2008,Triticale,Production,Tonnes,18500
2007,Brown Mustard,Production,Tonnes,33400
2007,Yellow Mustard,Production,Tonnes,48900
2007,Oriental Mustard,Production,Tonnes,13000
2007,Total Mustard,Production,Tonnes,95300
2007,Large Green Lentils,Production,Tonnes,301800
2007,Small Green Lentils,Production,Tonnes,161400
2007,Red Lentils,Production,Tonnes,247100
2007,Other Lentils,Production,Tonnes,23600
2007,Total Lentils,Production,Tonnes,733900
2007,Green Peas,Production,Tonnes,434100
2007,Yellow Peas,Production,Tonnes,1839800
2007,Other Peas,Production,Tonnes,35700
2007,Total Peas,Production,Tonnes,2309600
2007,Desi Chickpeas,Production,Tonnes,31300
2007,Kabuli Chickpeas,Production,Tonnes,120000
2007,Other Chickpeas,Production,Tonnes,46800
2007,Total Chickpeas,Production,Tonnes,198100
2007,Hairless Canary Seed,Production,Tonnes,52800
2007,Regular Canary Seed,Production,Tonnes,102900
2007,Total Canary Seed,Production,Tonnes,155700
2007,Triticale,Production,Tonnes,29200
2007,Sunflower Seed,Production,Tonnes,5000
2006,Brown Mustard,Production,Tonnes,28700
2006,Yellow Mustard,Production,Tonnes,41800
2006,Oriental Mustard,Production,Tonnes,12100
2006,Total Mustard,Production,Tonnes,82600
2006,Large Green Lentils,Production,Tonnes,250500
2006,Small Green Lentils,Production,Tonnes,135800
2006,Red Lentils,Production,Tonnes,222100
2006,Other Lentils,Production,Tonnes,21100
2006,Total Lentils,Production,Tonnes,629500
2006,Green Peas,Production,Tonnes,350700
2006,Yellow Peas,Production,Tonnes,1479800
2006,Other Peas,Production,Tonnes,31000
2006,Total Peas,Production,Tonnes,1861500
2006,Desi Chickpeas,Production,Tonnes,21400
2006,Kabuli Chickpeas,Production,Tonnes,83300
2006,Other Chickpeas,Production,Tonnes,32500
2006,Total Chickpeas,Production,Tonnes,137200
2006,Hairless Canary Seed,Production,Tonnes,44200
2006,Regular Canary Seed,Production,Tonnes,84900
2006,Total Canary Seed,Production,Tonnes,129100
2006,Triticale,Production,Tonnes,11900
